-- phpMyAdmin SQL Dump
-- version 3.4.11.1deb1
-- http://www.phpmyadmin.net
--
-- Host: localhost
-- Generation Time: Mar 11, 2013 at 01:25 AM
-- Server version: 5.5.29
-- PHP Version: 5.4.6-1ubuntu1.1

SET SQL_MODE="NO_AUTO_VALUE_ON_ZERO";
SET time_zone = "+00:00";


/*!40101 SET @OLD_CHARACTER_SET_CLIENT=@@CHARACTER_SET_CLIENT */;
/*!40101 SET @OLD_CHARACTER_SET_RESULTS=@@CHARACTER_SET_RESULTS */;
/*!40101 SET @OLD_COLLATION_CONNECTION=@@COLLATION_CONNECTION */;
/*!40101 SET NAMES utf8 */;

--
-- Database: `jollyday`
--

--
-- Dumping data for table `blacklist`
--

INSERT INTO `blacklist` (`id`, `id_user`, `id_blacklisted`) VALUES
(1, 5, 8),
(2, 4, 24),
(4, 79, 6);

--
-- Dumping data for table `im_profile_ihave`
--

INSERT INTO `im_profile_ihave` (`id`, `id_ihave`, `id_profile`) VALUES
(3, 2, 133),
(4, 1, 135),
(5, 3, 135),
(6, 2, 136),
(7, 3, 136),
(8, 4, 136),
(9, 1, 137),
(10, 2, 137),
(11, 2, 138),
(12, 4, 138),
(13, 1, 139),
(14, 2, 139),
(15, 3, 139),
(16, 4, 139),
(17, 5, 139),
(18, 3, 140),
(19, 2, 141),
(20, 3, 142),
(21, 4, 143),
(22, 5, 143),
(23, 1, 144),
(24, 2, 144),
(25, 5, 144),
(28, 2, 145),
(29, 3, 145),
(30, 2, 146),
(31, 2, 147),
(32, 1, 148),
(33, 2, 148),
(34, 4, 148),
(35, 2, 149),
(36, 3, 150),
(37, 4, 151),
(38, 3, 152),
(39, 2, 153),
(40, 3, 154),
(41, 2, 155),
(42, 4, 155),
(43, 3, 156),
(44, 1, 157),
(45, 1, 158),
(46, 4, 158),
(47, 5, 158),
(48, 4, 159),
(49, 5, 159),
(50, 2, 160),
(51, 3, 160),
(52, 4, 160),
(53, 1, 161),
(54, 3, 161),
(55, 5, 161),
(56, 3, 162),
(57, 2, 163),
(58, 4, 163),
(59, 2, 164),
(60, 3, 164),
(61, 4, 164),
(62, 1, 165),
(63, 2, 165),
(64, 5, 165),
(65, 1, 166),
(66, 2, 166),
(67, 1, 167),
(68, 5, 167),
(69, 1, 168),
(70, 4, 168),
(71, 3, 169),
(72, 1, 170),
(73, 3, 171),
(74, 1, 172),
(75, 3, 172),
(76, 3, 173),
(77, 4, 174),
(78, 2, 175),
(79, 1, 176),
(80, 3, 177),
(81, 1, 178),
(82, 4, 178),
(83, 3, 179),
(84, 4, 180),
(85, 3, 181),
(86, 2, 182),
(87, 2, 183),
(88, 2, 184),
(89, 4, 184),
(90, 2, 186),
(91, 5, 187),
(92, 3, 188),
(93, 2, 189),
(94, 3, 189),
(95, 3, 190),
(96, 5, 190),
(97, 1, 191),
(98, 2, 192),
(99, 3, 192),
(100, 3, 193),
(101, 2, 194),
(102, 3, 194),
(103, 5, 194),
(104, 4, 195),
(105, 2, 196),
(106, 2, 197),
(107, 3, 198),
(108, 4, 198),
(109, 2, 199),
(110, 5, 199),
(111, 1, 200),
(112, 4, 200),
(113, 1, 201),
(114, 3, 201),
(115, 2, 202),
(116, 2, 203),
(117, 5, 203),
(118, 2, 204),
(119, 5, 204),
(120, 4, 205),
(121, 1, 206),
(122, 3, 206),
(125, 3, 209),
(126, 4, 209),
(127, 5, 209),
(128, 3, 210),
(129, 4, 210),
(130, 4, 208),
(131, 5, 208),
(132, 3, 211),
(133, 1, 212),
(134, 2, 212),
(135, 5, 212),
(136, 2, 213),
(137, 2, 214),
(138, 3, 214),
(139, 3, 215),
(140, 1, 216),
(141, 4, 216),
(142, 1, 217),
(143, 3, 217),
(144, 4, 217),
(145, 1, 218),
(146, 2, 218),
(147, 3, 218),
(148, 4, 218),
(149, 5, 218),
(150, 2, 219),
(151, 1, 220),
(152, 3, 220),
(153, 4, 220),
(154, 1, 221),
(155, 5, 221),
(156, 1, 222),
(157, 2, 222),
(158, 3, 223),
(159, 1, 224),
(160, 5, 224),
(161, 1, 225),
(162, 3, 225),
(163, 4, 225),
(164, 1, 226),
(165, 4, 226),
(166, 1, 227),
(167, 4, 227),
(168, 1, 228),
(169, 5, 228),
(170, 2, 229),
(171, 2, 230),
(172, 1, 231),
(173, 2, 231),
(174, 3, 231),
(175, 1, 232),
(176, 3, 233),
(177, 2, 234),
(178, 1, 235),
(179, 3, 235),
(180, 1, 236),
(181, 3, 236),
(182, 1, 237),
(183, 1, 238),
(184, 2, 238),
(185, 4, 239),
(186, 3, 240),
(187, 1, 241);

--
-- Dumping data for table `im_profile_target`
--

INSERT INTO `im_profile_target` (`id`, `id_target`, `id_profile`) VALUES
(4, 1, 133),
(5, 4, 134),
(6, 5, 134),
(7, 6, 134),
(9, 1, 135),
(10, 2, 135),
(11, 3, 135),
(12, 4, 135),
(13, 5, 135),
(14, 6, 135),
(16, 1, 136),
(17, 2, 136),
(18, 3, 136),
(19, 4, 136),
(20, 5, 136),
(21, 6, 136),
(22, 4, 137),
(23, 5, 137),
(24, 6, 137),
(26, 1, 138),
(27, 2, 138),
(28, 3, 138),
(29, 4, 138),
(30, 5, 138),
(31, 2, 139),
(32, 3, 139),
(33, 4, 139),
(34, 1, 140),
(35, 6, 141),
(36, 5, 142),
(37, 1, 143),
(38, 3, 144),
(39, 4, 144),
(43, 1, 145),
(45, 2, 146),
(46, 4, 146),
(47, 5, 146),
(48, 1, 147),
(49, 2, 147),
(50, 3, 147),
(51, 4, 147),
(52, 5, 147),
(53, 6, 147),
(55, 1, 148),
(56, 3, 148),
(57, 4, 148),
(58, 5, 148),
(59, 6, 149),
(61, 1, 150),
(62, 5, 150),
(63, 4, 151),
(64, 5, 151),
(65, 6, 151),
(67, 1, 152),
(68, 1, 153),
(69, 4, 153),
(70, 1, 154),
(71, 3, 154),
(72, 1, 155),
(73, 3, 155),
(74, 4, 155),
(75, 5, 155),
(76, 3, 156),
(77, 4, 156),
(79, 5, 157),
(80, 6, 157),
(82, 1, 158),
(83, 3, 158),
(84, 6, 158),
(85, 3, 159),
(86, 5, 159),
(87, 3, 160),
(88, 1, 161),
(89, 2, 161),
(90, 3, 161),
(91, 6, 161),
(93, 1, 162),
(94, 2, 162),
(95, 3, 162),
(96, 4, 162),
(97, 5, 162),
(98, 1, 163),
(99, 5, 163),
(101, 4, 164),
(102, 5, 164),
(103, 1, 165),
(104, 2, 165),
(105, 3, 165),
(106, 4, 165),
(107, 5, 165),
(108, 6, 165),
(110, 3, 166),
(111, 6, 166),
(113, 1, 167),
(114, 4, 167),
(115, 5, 167),
(116, 6, 167),
(117, 2, 168),
(118, 6, 168),
(120, 3, 169),
(122, 1, 170),
(123, 4, 171),
(124, 1, 172),
(125, 3, 172),
(126, 3, 173),
(127, 1, 174),
(128, 3, 174),
(129, 2, 175),
(130, 4, 175),
(131, 1, 176),
(132, 5, 176),
(133, 3, 177),
(134, 2, 178),
(135, 4, 178),
(136, 5, 178),
(137, 4, 179),
(138, 5, 179),
(140, 3, 180),
(141, 5, 180),
(142, 2, 181),
(143, 5, 181),
(144, 3, 182),
(145, 2, 183),
(146, 3, 183),
(147, 5, 183),
(148, 4, 184),
(149, 1, 186),
(150, 5, 186),
(152, 5, 187),
(153, 6, 187),
(155, 5, 188),
(156, 1, 189),
(157, 5, 189),
(159, 3, 190),
(160, 5, 190),
(161, 1, 191),
(162, 5, 191),
(164, 1, 192),
(165, 4, 192),
(167, 1, 193),
(168, 4, 193),
(169, 5, 193),
(170, 4, 194),
(171, 5, 194),
(172, 5, 195),
(174, 4, 196),
(175, 6, 196),
(177, 5, 197),
(178, 6, 197),
(180, 1, 198),
(181, 3, 198),
(182, 6, 198),
(184, 1, 199),
(185, 2, 199),
(186, 5, 199),
(188, 5, 200),
(189, 6, 200),
(191, 3, 201),
(192, 5, 201),
(194, 1, 202),
(195, 3, 202),
(197, 2, 203),
(198, 5, 203),
(199, 1, 204),
(200, 5, 204),
(201, 5, 205),
(202, 6, 205),
(203, 1, 206),
(212, 1, 209),
(213, 2, 209),
(214, 3, 209),
(215, 4, 209),
(216, 5, 209),
(217, 6, 209),
(219, 4, 210),
(220, 5, 210),
(221, 1, 208),
(222, 2, 208),
(223, 3, 208),
(224, 4, 208),
(225, 5, 208),
(226, 6, 208),
(228, 1, 211),
(229, 3, 211),
(230, 4, 211),
(231, 6, 211),
(233, 4, 212),
(234, 5, 212),
(236, 5, 213),
(237, 6, 213),
(239, 1, 214),
(240, 2, 214),
(241, 6, 214),
(243, 1, 215),
(244, 3, 215),
(245, 4, 215),
(247, 1, 216),
(248, 5, 216),
(249, 6, 216),
(250, 2, 217),
(251, 4, 217),
(253, 2, 218),
(254, 3, 218),
(255, 4, 218),
(256, 5, 218),
(258, 2, 219),
(259, 5, 219),
(261, 2, 220),
(262, 4, 220),
(263, 5, 220),
(265, 1, 221),
(266, 2, 221),
(267, 6, 221),
(269, 3, 222),
(270, 4, 222),
(271, 5, 222),
(273, 1, 223),
(274, 5, 223),
(276, 4, 224),
(277, 6, 224),
(279, 1, 225),
(280, 3, 225),
(281, 2, 226),
(282, 6, 226),
(284, 1, 227),
(285, 5, 227),
(287, 2, 228),
(288, 3, 228),
(289, 5, 228),
(290, 1, 229),
(291, 5, 229),
(292, 6, 229),
(293, 4, 230),
(294, 5, 230),
(295, 6, 230),
(296, 4, 231),
(297, 4, 232),
(298, 5, 232),
(299, 6, 232),
(301, 3, 233),
(302, 4, 233),
(303, 6, 233),
(304, 1, 234),
(305, 4, 234),
(306, 6, 234),
(308, 2, 235),
(309, 4, 235),
(310, 6, 235),
(311, 3, 236),
(313, 4, 237),
(315, 5, 238),
(316, 4, 239),
(317, 6, 239),
(318, 3, 240),
(319, 5, 241);

--
-- Dumping data for table `im_user_meetmethod`
--

INSERT INTO `im_user_meetmethod` (`id`, `id_user`, `id_meetmethod`) VALUES
(101, 5, 1),
(102, 5, 4),
(103, 5, 5),
(104, 5, 6),
(105, 5, 7),
(106, 5, 8),
(107, 5, 9),
(108, 5, 12),
(109, 5, 14),
(110, 5, 15),
(141, 6, 1),
(142, 6, 2),
(143, 6, 3),
(144, 6, 4),
(145, 6, 5),
(146, 6, 6),
(147, 6, 7),
(148, 6, 8),
(149, 6, 9),
(150, 6, 10),
(151, 6, 11),
(152, 6, 12),
(153, 6, 13),
(154, 6, 14),
(155, 6, 15),
(186, 7, 1),
(187, 7, 2),
(188, 7, 3),
(189, 7, 4),
(190, 7, 5),
(191, 7, 6),
(192, 7, 7),
(193, 7, 8),
(194, 7, 9),
(195, 7, 10),
(196, 7, 11),
(197, 7, 12),
(198, 7, 13),
(199, 7, 14),
(200, 7, 15),
(201, 8, 1),
(202, 8, 2),
(203, 8, 3),
(204, 8, 4),
(205, 8, 5),
(206, 8, 6),
(207, 8, 7),
(208, 8, 8),
(209, 8, 9),
(210, 8, 10),
(211, 8, 11),
(212, 8, 12),
(213, 8, 13),
(214, 8, 14),
(215, 8, 15),
(231, 9, 1),
(232, 9, 2),
(233, 9, 3),
(234, 9, 4),
(235, 9, 5),
(236, 9, 6),
(237, 9, 7),
(238, 9, 8),
(239, 9, 9),
(240, 9, 10),
(241, 9, 11),
(242, 9, 12),
(243, 9, 13),
(244, 9, 14),
(245, 9, 15),
(261, 10, 1),
(262, 10, 2),
(263, 10, 3),
(264, 10, 4),
(265, 10, 5),
(266, 10, 6),
(267, 10, 7),
(268, 10, 8),
(269, 10, 9),
(270, 10, 10),
(271, 10, 11),
(272, 10, 12),
(273, 10, 13),
(274, 10, 14),
(275, 10, 15),
(291, 11, 1),
(292, 11, 2),
(293, 11, 3),
(294, 11, 4),
(295, 11, 5),
(296, 11, 6),
(297, 11, 7),
(298, 11, 8),
(299, 11, 9),
(300, 11, 10),
(301, 11, 11),
(302, 11, 12),
(303, 11, 13),
(304, 11, 14),
(305, 11, 15),
(321, 12, 1),
(322, 12, 2),
(323, 12, 3),
(324, 12, 4),
(325, 12, 5),
(326, 12, 6),
(327, 12, 7),
(328, 12, 8),
(329, 12, 9),
(330, 12, 10),
(331, 12, 11),
(332, 12, 12),
(333, 12, 13),
(334, 12, 14),
(335, 12, 15),
(351, 13, 1),
(352, 13, 2),
(353, 13, 3),
(354, 13, 4),
(355, 13, 5),
(356, 13, 6),
(357, 13, 7),
(358, 13, 8),
(359, 13, 9),
(360, 13, 10),
(361, 13, 11),
(362, 13, 12),
(363, 13, 13),
(364, 13, 14),
(365, 13, 15),
(381, 14, 1),
(382, 14, 2),
(383, 14, 3),
(384, 14, 4),
(385, 14, 5),
(386, 14, 6),
(387, 14, 7),
(388, 14, 8),
(389, 14, 9),
(390, 14, 10),
(391, 14, 11),
(392, 14, 12),
(393, 14, 13),
(394, 14, 14),
(395, 14, 15),
(411, 15, 1),
(412, 15, 2),
(413, 15, 3),
(414, 15, 4),
(415, 15, 5),
(416, 15, 6),
(417, 15, 7),
(418, 15, 8),
(419, 15, 9),
(420, 15, 10),
(421, 15, 11),
(422, 15, 12),
(423, 15, 13),
(424, 15, 14),
(425, 15, 15),
(437, 16, 1),
(438, 16, 2),
(439, 16, 3),
(440, 16, 5),
(441, 16, 6),
(442, 16, 8),
(443, 16, 10),
(444, 16, 11),
(445, 16, 12),
(446, 16, 13),
(447, 16, 15),
(459, 17, 1),
(460, 17, 3),
(461, 17, 4),
(462, 17, 5),
(463, 17, 7),
(464, 17, 8),
(465, 17, 9),
(466, 17, 10),
(467, 17, 11),
(468, 17, 13),
(469, 17, 15),
(481, 18, 1),
(482, 18, 2),
(483, 18, 4),
(484, 18, 5),
(485, 18, 7),
(486, 18, 8),
(487, 18, 9),
(488, 18, 10),
(489, 18, 11),
(490, 18, 12),
(491, 18, 14),
(503, 19, 4),
(504, 19, 5),
(505, 19, 6),
(506, 19, 8),
(507, 19, 9),
(508, 19, 10),
(509, 19, 11),
(510, 19, 12),
(511, 19, 13),
(512, 19, 14),
(513, 19, 15),
(523, 20, 1),
(524, 20, 2),
(525, 20, 3),
(526, 20, 4),
(527, 20, 9),
(528, 20, 10),
(529, 20, 12),
(530, 20, 14),
(531, 20, 15),
(541, 21, 3),
(542, 21, 4),
(543, 21, 6),
(544, 21, 8),
(545, 21, 9),
(546, 21, 10),
(547, 21, 11),
(548, 21, 12),
(549, 21, 13),
(565, 22, 1),
(566, 22, 2),
(567, 22, 3),
(568, 22, 4),
(569, 22, 5),
(570, 22, 6),
(571, 22, 7),
(572, 22, 8),
(573, 22, 9),
(574, 22, 10),
(575, 22, 11),
(576, 22, 12),
(577, 22, 13),
(578, 22, 14),
(579, 22, 15),
(595, 23, 1),
(596, 23, 2),
(597, 23, 3),
(598, 23, 4),
(599, 23, 5),
(600, 23, 6),
(601, 23, 7),
(602, 23, 8),
(603, 23, 9),
(604, 23, 10),
(605, 23, 11),
(606, 23, 12),
(607, 23, 13),
(608, 23, 14),
(609, 23, 15),
(625, 24, 1),
(626, 24, 2),
(627, 24, 3),
(628, 24, 4),
(629, 24, 5),
(630, 24, 6),
(631, 24, 7),
(632, 24, 8),
(633, 24, 9),
(634, 24, 10),
(635, 24, 11),
(636, 24, 12),
(637, 24, 13),
(638, 24, 14),
(639, 24, 16),
(655, 25, 1),
(656, 25, 2),
(657, 25, 3),
(658, 25, 4),
(659, 25, 5),
(660, 25, 6),
(661, 25, 7),
(662, 25, 8),
(663, 25, 9),
(664, 25, 10),
(665, 25, 11),
(666, 25, 12),
(667, 25, 13),
(668, 25, 14),
(669, 25, 16),
(685, 26, 1),
(686, 26, 2),
(687, 26, 3),
(688, 26, 4),
(689, 26, 5),
(690, 26, 6),
(691, 26, 7),
(692, 26, 8),
(693, 26, 9),
(694, 26, 10),
(695, 26, 11),
(696, 26, 12),
(697, 26, 13),
(698, 26, 14),
(699, 26, 16),
(715, 27, 1),
(716, 27, 2),
(717, 27, 3),
(718, 27, 4),
(719, 27, 5),
(720, 27, 6),
(721, 27, 7),
(722, 27, 8),
(723, 27, 9),
(724, 27, 10),
(725, 27, 11),
(726, 27, 12),
(727, 27, 13),
(728, 27, 14),
(729, 27, 15),
(742, 28, 1),
(743, 28, 2),
(744, 28, 3),
(745, 28, 5),
(746, 28, 7),
(747, 28, 9),
(748, 28, 10),
(749, 28, 11),
(750, 28, 12),
(751, 28, 13),
(752, 28, 14),
(753, 28, 15),
(766, 29, 1),
(767, 29, 2),
(768, 29, 3),
(769, 29, 4),
(770, 29, 5),
(771, 29, 7),
(772, 29, 8),
(773, 29, 9),
(774, 29, 10),
(775, 29, 11),
(776, 29, 13),
(777, 29, 15),
(787, 30, 2),
(788, 30, 4),
(789, 30, 5),
(790, 30, 7),
(791, 30, 8),
(792, 30, 10),
(793, 30, 12),
(794, 30, 14),
(795, 30, 15),
(807, 31, 1),
(808, 31, 2),
(809, 31, 3),
(810, 31, 5),
(811, 31, 6),
(812, 31, 7),
(813, 31, 8),
(814, 31, 9),
(815, 31, 10),
(816, 31, 11),
(817, 31, 15),
(828, 32, 3),
(829, 32, 5),
(830, 32, 7),
(831, 32, 9),
(832, 32, 10),
(833, 32, 11),
(834, 32, 12),
(835, 32, 13),
(836, 32, 14),
(837, 32, 15),
(853, 33, 1),
(854, 33, 2),
(855, 33, 3),
(856, 33, 4),
(857, 33, 5),
(858, 33, 6),
(859, 33, 7),
(860, 33, 8),
(861, 33, 9),
(862, 33, 10),
(863, 33, 11),
(864, 33, 12),
(865, 33, 13),
(866, 33, 14),
(867, 33, 15),
(879, 34, 1),
(880, 34, 2),
(881, 34, 3),
(882, 34, 5),
(883, 34, 6),
(884, 34, 8),
(885, 34, 9),
(886, 34, 10),
(887, 34, 11),
(888, 34, 12),
(889, 34, 14),
(900, 35, 1),
(901, 35, 2),
(902, 35, 3),
(903, 35, 6),
(904, 35, 8),
(905, 35, 9),
(906, 35, 11),
(907, 35, 12),
(908, 35, 13),
(909, 35, 15),
(921, 36, 1),
(922, 36, 3),
(923, 36, 5),
(924, 36, 7),
(925, 36, 8),
(926, 36, 9),
(927, 36, 10),
(928, 36, 11),
(929, 36, 13),
(930, 36, 14),
(931, 36, 15),
(942, 37, 1),
(943, 37, 2),
(944, 37, 4),
(945, 37, 5),
(946, 37, 8),
(947, 37, 9),
(948, 37, 10),
(949, 37, 12),
(950, 37, 13),
(951, 37, 15),
(963, 38, 1),
(964, 38, 2),
(965, 38, 3),
(966, 38, 5),
(967, 38, 7),
(968, 38, 8),
(969, 38, 9),
(970, 38, 11),
(971, 38, 12),
(972, 38, 14),
(973, 38, 15),
(985, 39, 1),
(986, 39, 2),
(987, 39, 3),
(988, 39, 4),
(989, 39, 5),
(990, 39, 7),
(991, 39, 9),
(992, 39, 11),
(993, 39, 12),
(994, 39, 14),
(995, 39, 15),
(1007, 40, 1),
(1008, 40, 2),
(1009, 40, 3),
(1010, 40, 4),
(1011, 40, 5),
(1012, 40, 7),
(1013, 40, 8),
(1014, 40, 10),
(1015, 40, 11),
(1016, 40, 13),
(1017, 40, 14),
(1029, 41, 1),
(1030, 41, 3),
(1031, 41, 5),
(1032, 41, 6),
(1033, 41, 7),
(1034, 41, 9),
(1035, 41, 10),
(1036, 41, 11),
(1037, 41, 12),
(1038, 41, 13),
(1039, 41, 15),
(1043, 42, 5),
(1044, 42, 10),
(1045, 42, 13),
(1047, 43, 16),
(1063, 44, 1),
(1064, 44, 2),
(1065, 44, 3),
(1066, 44, 4),
(1067, 44, 5),
(1068, 44, 6),
(1069, 44, 7),
(1070, 44, 8),
(1071, 44, 9),
(1072, 44, 10),
(1073, 44, 11),
(1074, 44, 12),
(1075, 44, 13),
(1076, 44, 14),
(1077, 44, 16),
(1079, 45, 11),
(1095, 46, 1),
(1096, 46, 2),
(1097, 46, 3),
(1098, 46, 4),
(1099, 46, 5),
(1100, 46, 6),
(1101, 46, 7),
(1102, 46, 8),
(1103, 46, 9),
(1104, 46, 10),
(1105, 46, 11),
(1106, 46, 12),
(1107, 46, 13),
(1108, 46, 14),
(1109, 46, 15),
(1115, 47, 4),
(1116, 47, 5),
(1117, 47, 9),
(1118, 47, 12),
(1119, 47, 14),
(1134, 48, 1),
(1135, 48, 2),
(1136, 48, 3),
(1137, 48, 4),
(1138, 48, 5),
(1139, 48, 6),
(1140, 48, 7),
(1141, 48, 8),
(1142, 48, 9),
(1143, 48, 10),
(1144, 48, 11),
(1145, 48, 12),
(1146, 48, 13),
(1147, 48, 14),
(1163, 49, 1),
(1164, 49, 2),
(1165, 49, 3),
(1166, 49, 4),
(1167, 49, 5),
(1168, 49, 6),
(1169, 49, 7),
(1170, 49, 8),
(1171, 49, 9),
(1172, 49, 10),
(1173, 49, 11),
(1174, 49, 12),
(1175, 49, 13),
(1176, 49, 14),
(1177, 49, 15),
(1193, 50, 1),
(1194, 50, 2),
(1195, 50, 3),
(1196, 50, 4),
(1197, 50, 5),
(1198, 50, 6),
(1199, 50, 7),
(1200, 50, 8),
(1201, 50, 9),
(1202, 50, 10),
(1203, 50, 11),
(1204, 50, 12),
(1205, 50, 13),
(1206, 50, 14),
(1207, 50, 15),
(1223, 51, 1),
(1224, 51, 2),
(1225, 51, 3),
(1226, 51, 4),
(1227, 51, 5),
(1228, 51, 6),
(1229, 51, 7),
(1230, 51, 8),
(1231, 51, 9),
(1232, 51, 10),
(1233, 51, 11),
(1234, 51, 12),
(1235, 51, 13),
(1236, 51, 14),
(1237, 51, 15),
(1241, 52, 5),
(1242, 52, 8),
(1243, 52, 12),
(1247, 53, 13),
(1248, 53, 14),
(1249, 53, 16),
(1254, 54, 3),
(1255, 54, 5),
(1256, 54, 7),
(1257, 54, 9),
(1261, 55, 8),
(1262, 55, 10),
(1263, 55, 14),
(1279, 57, 1),
(1280, 57, 2),
(1281, 57, 3),
(1282, 57, 4),
(1283, 57, 5),
(1284, 57, 6),
(1285, 57, 7),
(1286, 57, 8),
(1287, 57, 9),
(1288, 57, 10),
(1289, 57, 11),
(1290, 57, 12),
(1291, 57, 13),
(1292, 57, 14),
(1293, 57, 15),
(1309, 58, 1),
(1310, 58, 2),
(1311, 58, 3),
(1312, 58, 4),
(1313, 58, 5),
(1314, 58, 6),
(1315, 58, 7),
(1316, 58, 8),
(1317, 58, 9),
(1318, 58, 10),
(1319, 58, 11),
(1320, 58, 12),
(1321, 58, 13),
(1322, 58, 14),
(1323, 58, 15),
(1339, 59, 1),
(1340, 59, 2),
(1341, 59, 3),
(1342, 59, 4),
(1343, 59, 5),
(1344, 59, 6),
(1345, 59, 7),
(1346, 59, 8),
(1347, 59, 9),
(1348, 59, 10),
(1349, 59, 11),
(1350, 59, 12),
(1351, 59, 13),
(1352, 59, 14),
(1353, 59, 15),
(1369, 60, 1),
(1370, 60, 2),
(1371, 60, 3),
(1372, 60, 4),
(1373, 60, 5),
(1374, 60, 6),
(1375, 60, 7),
(1376, 60, 8),
(1377, 60, 9),
(1378, 60, 10),
(1379, 60, 11),
(1380, 60, 12),
(1381, 60, 13),
(1382, 60, 14),
(1383, 60, 15),
(1399, 61, 1),
(1400, 61, 2),
(1401, 61, 3),
(1402, 61, 4),
(1403, 61, 5),
(1404, 61, 6),
(1405, 61, 7),
(1406, 61, 8),
(1407, 61, 9),
(1408, 61, 10),
(1409, 61, 11),
(1410, 61, 12),
(1411, 61, 13),
(1412, 61, 14),
(1413, 61, 15),
(1414, 56, 1),
(1415, 56, 2),
(1416, 56, 3),
(1417, 56, 4),
(1418, 56, 5),
(1419, 56, 6),
(1420, 56, 7),
(1421, 56, 8),
(1422, 56, 9),
(1423, 56, 10),
(1424, 56, 11),
(1425, 56, 12),
(1426, 56, 13),
(1427, 56, 14),
(1428, 56, 15),
(1434, 62, 1),
(1435, 62, 4),
(1436, 62, 6),
(1437, 62, 14),
(1438, 62, 15),
(1445, 63, 1),
(1446, 63, 2),
(1447, 63, 7),
(1448, 63, 10),
(1449, 63, 11),
(1450, 63, 15),
(1466, 64, 1),
(1467, 64, 2),
(1468, 64, 3),
(1469, 64, 4),
(1470, 64, 5),
(1471, 64, 6),
(1472, 64, 7),
(1473, 64, 8),
(1474, 64, 9),
(1475, 64, 10),
(1476, 64, 11),
(1477, 64, 12),
(1478, 64, 13),
(1479, 64, 14),
(1480, 64, 15),
(1492, 65, 1),
(1493, 65, 3),
(1494, 65, 5),
(1495, 65, 6),
(1496, 65, 7),
(1497, 65, 9),
(1498, 65, 10),
(1499, 65, 12),
(1500, 65, 13),
(1501, 65, 14),
(1502, 65, 15),
(1513, 66, 1),
(1514, 66, 3),
(1515, 66, 5),
(1516, 66, 6),
(1517, 66, 7),
(1518, 66, 9),
(1519, 66, 10),
(1520, 66, 11),
(1521, 66, 13),
(1522, 66, 15),
(1532, 67, 1),
(1533, 67, 2),
(1534, 67, 3),
(1535, 67, 6),
(1536, 67, 7),
(1537, 67, 8),
(1538, 67, 11),
(1539, 67, 12),
(1540, 67, 15),
(1541, 4, 1),
(1542, 4, 4),
(1543, 4, 6),
(1544, 4, 8),
(1545, 4, 12),
(1546, 4, 13),
(1562, 68, 1),
(1563, 68, 2),
(1564, 68, 3),
(1565, 68, 4),
(1566, 68, 5),
(1567, 68, 6),
(1568, 68, 7),
(1569, 68, 8),
(1570, 68, 9),
(1571, 68, 10),
(1572, 68, 11),
(1573, 68, 12),
(1574, 68, 13),
(1575, 68, 14),
(1576, 68, 15),
(1588, 69, 1),
(1589, 69, 2),
(1590, 69, 5),
(1591, 69, 6),
(1592, 69, 7),
(1593, 69, 8),
(1594, 69, 9),
(1595, 69, 10),
(1596, 69, 12),
(1597, 69, 13),
(1598, 69, 15),
(1610, 70, 2),
(1611, 70, 3),
(1612, 70, 6),
(1613, 70, 7),
(1614, 70, 8),
(1615, 70, 9),
(1616, 70, 11),
(1617, 70, 12),
(1618, 70, 13),
(1619, 70, 14),
(1620, 70, 15),
(1632, 71, 1),
(1633, 71, 2),
(1634, 71, 4),
(1635, 71, 5),
(1636, 71, 7),
(1637, 71, 8),
(1638, 71, 9),
(1639, 71, 10),
(1640, 71, 11),
(1641, 71, 14),
(1642, 71, 15),
(1654, 72, 1),
(1655, 72, 2),
(1656, 72, 4),
(1657, 72, 6),
(1658, 72, 7),
(1659, 72, 8),
(1660, 72, 9),
(1661, 72, 11),
(1662, 72, 12),
(1663, 72, 14),
(1664, 72, 15),
(1680, 73, 1),
(1681, 73, 2),
(1682, 73, 3),
(1683, 73, 4),
(1684, 73, 5),
(1685, 73, 6),
(1686, 73, 7),
(1687, 73, 8),
(1688, 73, 9),
(1689, 73, 10),
(1690, 73, 11),
(1691, 73, 12),
(1692, 73, 13),
(1693, 73, 14),
(1694, 73, 15),
(1706, 74, 2),
(1707, 74, 3),
(1708, 74, 4),
(1709, 74, 5),
(1710, 74, 7),
(1711, 74, 8),
(1712, 74, 10),
(1713, 74, 12),
(1714, 74, 13),
(1715, 74, 14),
(1716, 74, 15),
(1732, 75, 1),
(1733, 75, 2),
(1734, 75, 3),
(1735, 75, 4),
(1736, 75, 5),
(1737, 75, 6),
(1738, 75, 7),
(1739, 75, 8),
(1740, 75, 9),
(1741, 75, 10),
(1742, 75, 11),
(1743, 75, 12),
(1744, 75, 13),
(1745, 75, 14),
(1746, 75, 16),
(1759, 76, 1),
(1760, 76, 2),
(1761, 76, 3),
(1762, 76, 5),
(1763, 76, 6),
(1764, 76, 8),
(1765, 76, 10),
(1766, 76, 11),
(1767, 76, 12),
(1768, 76, 13),
(1769, 76, 14),
(1770, 76, 16),
(1801, 78, 1),
(1802, 78, 2),
(1803, 78, 3),
(1804, 78, 4),
(1805, 78, 5),
(1806, 78, 6),
(1807, 78, 7),
(1808, 78, 8),
(1809, 78, 9),
(1810, 78, 10),
(1811, 78, 11),
(1812, 78, 12),
(1813, 78, 13),
(1814, 78, 14),
(1815, 78, 15),
(1816, 3, 1),
(1817, 3, 2),
(1818, 3, 3),
(1819, 3, 4),
(1820, 3, 5),
(1821, 3, 6),
(1822, 3, 7),
(1823, 3, 8),
(1824, 3, 9),
(1825, 3, 10),
(1826, 3, 11),
(1827, 3, 12),
(1828, 3, 13),
(1829, 3, 14),
(1830, 3, 15),
(1860, 79, 1),
(1861, 79, 3),
(1862, 79, 4),
(1863, 79, 5),
(1864, 79, 6),
(1865, 79, 7),
(1866, 79, 8),
(1867, 79, 9),
(1868, 79, 10),
(1869, 79, 11),
(1870, 79, 12),
(1871, 79, 13),
(1872, 79, 14),
(1873, 79, 15),
(1889, 80, 1),
(1890, 80, 2),
(1891, 80, 3),
(1892, 80, 4),
(1893, 80, 5),
(1894, 80, 6),
(1895, 80, 7),
(1896, 80, 8),
(1897, 80, 9),
(1898, 80, 10),
(1899, 80, 11),
(1900, 80, 12),
(1901, 80, 13),
(1902, 80, 14),
(1903, 80, 15),
(1919, 81, 1),
(1920, 81, 2),
(1921, 81, 3),
(1922, 81, 4),
(1923, 81, 5),
(1924, 81, 6),
(1925, 81, 7),
(1926, 81, 8),
(1927, 81, 9),
(1928, 81, 10),
(1929, 81, 11),
(1930, 81, 12),
(1931, 81, 13),
(1932, 81, 14),
(1933, 81, 16),
(1934, 77, 1),
(1935, 77, 2),
(1936, 77, 3),
(1937, 77, 4),
(1938, 77, 5),
(1939, 77, 6),
(1940, 77, 7),
(1941, 77, 8),
(1942, 77, 9),
(1943, 77, 10),
(1944, 77, 11),
(1945, 77, 12),
(1946, 77, 13),
(1947, 77, 14),
(1948, 77, 15),
(1953, 82, 1),
(1954, 82, 3),
(1955, 82, 4),
(1956, 82, 5),
(1972, 83, 1),
(1973, 83, 2),
(1974, 83, 3),
(1975, 83, 4),
(1976, 83, 5),
(1977, 83, 6),
(1978, 83, 7),
(1979, 83, 8),
(1980, 83, 9),
(1981, 83, 10),
(1982, 83, 11),
(1983, 83, 12),
(1984, 83, 13),
(1985, 83, 14),
(1986, 83, 15),
(2002, 84, 1),
(2003, 84, 2),
(2004, 84, 3),
(2005, 84, 4),
(2006, 84, 5),
(2007, 84, 6),
(2008, 84, 7),
(2009, 84, 8),
(2010, 84, 9),
(2011, 84, 10),
(2012, 84, 11),
(2013, 84, 12),
(2014, 84, 13),
(2015, 84, 14),
(2016, 84, 15),
(2032, 85, 1),
(2033, 85, 2),
(2034, 85, 3),
(2035, 85, 4),
(2036, 85, 5),
(2037, 85, 6),
(2038, 85, 7),
(2039, 85, 8),
(2040, 85, 9),
(2041, 85, 10),
(2042, 85, 11),
(2043, 85, 12),
(2044, 85, 13),
(2045, 85, 14),
(2046, 85, 15),
(2057, 86, 1),
(2058, 86, 2),
(2059, 86, 3),
(2060, 86, 4),
(2061, 86, 6),
(2062, 86, 7),
(2063, 86, 8),
(2064, 86, 10),
(2065, 86, 12),
(2066, 86, 13),
(2079, 87, 1),
(2080, 87, 2),
(2081, 87, 3),
(2082, 87, 4),
(2083, 87, 5),
(2084, 87, 6),
(2085, 87, 7),
(2086, 87, 8),
(2087, 87, 11),
(2088, 87, 12),
(2089, 87, 14),
(2090, 87, 15),
(2101, 88, 1),
(2102, 88, 4),
(2103, 88, 5),
(2104, 88, 7),
(2105, 88, 8),
(2106, 88, 9),
(2107, 88, 11),
(2108, 88, 13),
(2109, 88, 14),
(2110, 88, 15),
(2122, 89, 3),
(2123, 89, 4),
(2124, 89, 5),
(2125, 89, 6),
(2126, 89, 7),
(2127, 89, 8),
(2128, 89, 9),
(2129, 89, 10),
(2130, 89, 12),
(2131, 89, 14),
(2132, 89, 15),
(2143, 90, 2),
(2144, 90, 5),
(2145, 90, 6),
(2146, 90, 8),
(2147, 90, 9),
(2148, 90, 10),
(2149, 90, 11),
(2150, 90, 13),
(2151, 90, 14),
(2152, 90, 15),
(2160, 91, 1),
(2161, 91, 2),
(2162, 91, 4),
(2163, 91, 5),
(2164, 91, 7),
(2165, 91, 11),
(2166, 91, 13),
(2178, 92, 1),
(2179, 92, 3),
(2180, 92, 4),
(2181, 92, 6),
(2182, 92, 7),
(2183, 92, 8),
(2184, 92, 9),
(2185, 92, 11),
(2186, 92, 12),
(2187, 92, 14),
(2188, 92, 15),
(2199, 93, 1),
(2200, 93, 3),
(2201, 93, 5),
(2202, 93, 6),
(2203, 93, 8),
(2204, 93, 10),
(2205, 93, 11),
(2206, 93, 12),
(2207, 93, 13),
(2208, 93, 15),
(2220, 94, 1),
(2221, 94, 2),
(2222, 94, 4),
(2223, 94, 5),
(2224, 94, 6),
(2225, 94, 7),
(2226, 94, 9),
(2227, 94, 10),
(2228, 94, 11),
(2229, 94, 13),
(2230, 94, 15),
(2242, 95, 1),
(2243, 95, 2),
(2244, 95, 3),
(2245, 95, 4),
(2246, 95, 6),
(2247, 95, 7),
(2248, 95, 9),
(2249, 95, 10),
(2250, 95, 13),
(2251, 95, 14),
(2252, 95, 15),
(2262, 96, 1),
(2263, 96, 4),
(2264, 96, 5),
(2265, 96, 6),
(2266, 96, 7),
(2267, 96, 10),
(2268, 96, 12),
(2269, 96, 14),
(2270, 96, 15),
(2275, 97, 3),
(2276, 97, 5),
(2277, 97, 13),
(2278, 97, 14),
(2290, 98, 1),
(2291, 98, 2),
(2292, 98, 3),
(2293, 98, 5),
(2294, 98, 6),
(2295, 98, 9),
(2296, 98, 11),
(2297, 98, 12),
(2298, 98, 13),
(2299, 98, 14),
(2300, 98, 15),
(2316, 99, 1),
(2317, 99, 2),
(2318, 99, 3),
(2319, 99, 4),
(2320, 99, 5),
(2321, 99, 6),
(2322, 99, 7),
(2323, 99, 8),
(2324, 99, 9),
(2325, 99, 10),
(2326, 99, 11),
(2327, 99, 12),
(2328, 99, 13),
(2329, 99, 14),
(2330, 99, 15),
(2346, 100, 1),
(2347, 100, 2),
(2348, 100, 3),
(2349, 100, 4),
(2350, 100, 5),
(2351, 100, 6),
(2352, 100, 7),
(2353, 100, 8),
(2354, 100, 9),
(2355, 100, 10),
(2356, 100, 11),
(2357, 100, 12),
(2358, 100, 13),
(2359, 100, 14),
(2360, 100, 16),
(2372, 101, 1),
(2373, 101, 2),
(2374, 101, 3),
(2375, 101, 4),
(2376, 101, 5),
(2377, 101, 6),
(2378, 101, 8),
(2379, 101, 10),
(2380, 101, 11),
(2381, 101, 13),
(2382, 101, 14),
(2394, 102, 1),
(2395, 102, 2),
(2396, 102, 3),
(2397, 102, 4),
(2398, 102, 5),
(2399, 102, 7),
(2400, 102, 8),
(2401, 102, 9),
(2402, 102, 11),
(2403, 102, 14),
(2404, 102, 16),
(2416, 103, 1),
(2417, 103, 2),
(2418, 103, 4),
(2419, 103, 5),
(2420, 103, 6),
(2421, 103, 8),
(2422, 103, 10),
(2423, 103, 11),
(2424, 103, 13),
(2425, 103, 14),
(2426, 103, 15),
(2438, 104, 1),
(2439, 104, 2),
(2440, 104, 3),
(2441, 104, 4),
(2442, 104, 5),
(2443, 104, 6),
(2444, 104, 8),
(2445, 104, 10),
(2446, 104, 13),
(2447, 104, 14),
(2448, 104, 15),
(2461, 105, 1),
(2462, 105, 2),
(2463, 105, 3),
(2464, 105, 4),
(2465, 105, 5),
(2466, 105, 6),
(2467, 105, 7),
(2468, 105, 9),
(2469, 105, 11),
(2470, 105, 13),
(2471, 105, 14),
(2472, 105, 15),
(2485, 106, 1),
(2486, 106, 2),
(2487, 106, 3),
(2488, 106, 4),
(2489, 106, 6),
(2490, 106, 7),
(2491, 106, 9),
(2492, 106, 10),
(2493, 106, 12),
(2494, 106, 13),
(2495, 106, 14),
(2496, 106, 15),
(2509, 107, 1),
(2510, 107, 2),
(2511, 107, 4),
(2512, 107, 5),
(2513, 107, 6),
(2514, 107, 7),
(2515, 107, 8),
(2516, 107, 9),
(2517, 107, 10),
(2518, 107, 12),
(2519, 107, 13),
(2520, 107, 14),
(2532, 108, 1),
(2533, 108, 2),
(2534, 108, 3),
(2535, 108, 5),
(2536, 108, 6),
(2537, 108, 8),
(2538, 108, 9),
(2539, 108, 11),
(2540, 108, 12),
(2541, 108, 13),
(2542, 108, 15),
(2553, 109, 1),
(2554, 109, 2),
(2555, 109, 3),
(2556, 109, 5),
(2557, 109, 6),
(2558, 109, 9),
(2559, 109, 10),
(2560, 109, 11),
(2561, 109, 14),
(2562, 109, 16),
(2574, 110, 1),
(2575, 110, 2),
(2576, 110, 4),
(2577, 110, 5),
(2578, 110, 6),
(2579, 110, 7),
(2580, 110, 8),
(2581, 110, 10),
(2582, 110, 12),
(2583, 110, 14),
(2584, 110, 16),
(2586, 111, 14),
(2597, 112, 1),
(2598, 112, 2),
(2599, 112, 3),
(2600, 112, 5),
(2601, 112, 7),
(2602, 112, 8),
(2603, 112, 9),
(2604, 112, 11),
(2605, 112, 13),
(2606, 112, 16),
(2651, 117, 15),
(2650, 117, 14),
(2649, 117, 13),
(2648, 117, 12),
(2647, 117, 11),
(2646, 117, 10),
(2645, 117, 9),
(2644, 117, 8),
(2643, 117, 7),
(2642, 117, 6),
(2641, 117, 5),
(2640, 117, 4),
(2639, 117, 3),
(2638, 117, 2),
(2637, 117, 1),
(2711, 118, 15),
(2710, 118, 14),
(2709, 118, 13),
(2708, 118, 12),
(2707, 118, 11),
(2706, 118, 10),
(2705, 118, 9),
(2704, 118, 8),
(2703, 118, 7),
(2702, 118, 6),
(2701, 118, 5),
(2700, 118, 4),
(2699, 118, 3),
(2698, 118, 2),
(2697, 118, 1);

--
-- Dumping data for table `im_user_news`
--

INSERT INTO `im_user_news` (`id`, `id_news`, `id_user`, `date`, `status`) VALUES
(261, 5, 3, '2012-12-26 15:43:46', 0),
(262, 5, 4, '2012-12-26 11:36:29', 1),
(263, 5, 5, '2012-12-26 12:44:11', 1),
(264, 5, 6, '2012-12-26 13:01:44', 0),
(265, 5, 7, '2012-12-26 13:06:05', 1),
(266, 5, 8, '2012-12-26 13:06:08', 0),
(267, 5, 9, '2012-12-26 13:08:38', 0),
(268, 5, 10, '2012-12-26 13:10:51', 0),
(269, 5, 11, '2012-12-26 13:12:56', 0),
(270, 5, 12, '2012-12-26 13:15:16', 0),
(271, 5, 13, '2012-12-26 13:16:45', 0),
(272, 5, 14, '2012-12-26 13:18:12', 0),
(273, 5, 15, '2012-12-26 13:19:42', 0),
(274, 5, 16, '2012-12-26 13:22:56', 1),
(275, 5, 17, '2012-12-26 13:23:37', 0),
(276, 5, 18, '2012-12-26 13:25:28', 0),
(277, 5, 19, '2012-12-26 13:27:27', 0),
(278, 5, 20, '2012-12-26 13:28:49', 0),
(279, 5, 21, '2012-12-26 13:30:17', 0),
(280, 5, 22, '2012-12-26 13:31:34', 0),
(281, 5, 23, '2012-12-26 13:33:12', 0),
(282, 5, 24, '2012-12-26 13:34:44', 0),
(283, 5, 25, '2012-12-26 13:37:51', 0),
(284, 5, 26, '2012-12-26 13:39:39', 0),
(285, 5, 27, '2012-12-26 13:43:14', 0),
(286, 5, 28, '2012-12-26 13:45:13', 0),
(287, 5, 29, '2012-12-26 13:47:19', 0),
(288, 5, 30, '2012-12-26 13:50:29', 0),
(289, 5, 31, '2012-12-26 13:51:50', 0),
(290, 5, 32, '2012-12-26 13:53:21', 0),
(291, 5, 33, '2012-12-26 13:54:53', 0),
(292, 5, 34, '2012-12-26 13:56:31', 0),
(293, 5, 35, '2012-12-26 13:58:25', 0),
(294, 5, 36, '2012-12-26 14:00:38', 0),
(295, 5, 37, '2012-12-26 14:02:11', 0),
(296, 5, 38, '2012-12-26 14:03:36', 0),
(297, 5, 39, '2012-12-26 14:05:02', 0),
(298, 5, 40, '2012-12-26 14:06:05', 0),
(299, 5, 41, '2012-12-26 14:07:24', 0),
(300, 5, 42, '2012-12-26 14:08:58', 0),
(301, 5, 43, '2012-12-26 14:10:49', 0),
(302, 5, 44, '2012-12-26 14:14:59', 0),
(303, 5, 45, '2012-12-26 14:16:16', 0),
(304, 5, 46, '2012-12-26 14:25:52', 0),
(305, 5, 47, '2012-12-26 14:30:58', 0),
(306, 5, 48, '2012-12-26 14:32:52', 0),
(307, 5, 49, '2012-12-26 14:33:52', 0),
(308, 5, 50, '2012-12-26 14:34:55', 0),
(309, 5, 51, '2012-12-26 14:35:57', 0),
(310, 5, 52, '2012-12-26 14:37:09', 0),
(311, 5, 53, '2012-12-26 14:39:13', 0),
(312, 5, 54, '2012-12-26 14:40:48', 0),
(313, 5, 55, '2012-12-26 14:42:03', 0),
(314, 5, 57, '2012-12-26 14:50:05', 0),
(315, 5, 58, '2012-12-26 14:52:16', 0),
(316, 5, 59, '2012-12-26 14:55:25', 0),
(317, 5, 60, '2012-12-26 15:05:15', 0),
(318, 5, 61, '2012-12-26 15:07:18', 0),
(319, 5, 56, '2012-12-26 15:08:32', 0),
(320, 5, 62, '2012-12-26 15:09:44', 0),
(321, 5, 63, '2012-12-26 15:11:16', 0),
(322, 5, 64, '2012-12-26 15:12:50', 0),
(323, 5, 65, '2012-12-26 15:14:36', 0),
(324, 5, 66, '2012-12-26 15:18:18', 0),
(325, 5, 67, '2012-12-26 15:19:20', 0),
(326, 5, 68, '2012-12-26 15:26:18', 0),
(327, 5, 69, '2012-12-26 15:27:46', 0),
(328, 5, 70, '2012-12-26 15:28:53', 0),
(329, 5, 71, '2012-12-26 15:29:53', 0),
(330, 5, 72, '2012-12-26 15:31:01', 0),
(331, 5, 73, '2012-12-26 15:32:07', 0),
(332, 5, 74, '2012-12-26 15:33:10', 0),
(333, 5, 75, '2012-12-26 15:34:24', 0),
(334, 5, 76, '2012-12-26 15:37:37', 0),
(335, 5, 77, '2012-12-26 15:39:08', 0),
(336, 5, 78, '2012-12-26 15:43:49', 0),
(337, 5, 79, '2012-12-26 15:52:32', 1),
(338, 5, 80, '2012-12-26 15:55:24', 1),
(339, 5, 81, '2012-12-26 15:52:26', 0),
(340, 5, 82, '2012-12-26 16:02:03', 0),
(341, 5, 83, '2012-12-26 16:43:35', 0),
(342, 5, 84, '2012-12-26 16:45:00', 0),
(343, 5, 85, '2012-12-26 16:46:47', 0),
(344, 5, 86, '2012-12-26 16:48:19', 0),
(345, 5, 87, '2012-12-26 16:49:29', 0),
(346, 5, 88, '2012-12-26 16:50:51', 0),
(347, 5, 89, '2012-12-26 16:52:01', 0),
(348, 5, 90, '2012-12-26 16:53:06', 0),
(349, 5, 91, '2012-12-26 16:54:18', 0),
(350, 5, 92, '2012-12-26 16:55:40', 0),
(351, 5, 93, '2012-12-26 16:57:47', 0),
(352, 5, 94, '2012-12-26 16:59:06', 0),
(353, 5, 95, '2012-12-26 17:00:29', 0),
(354, 5, 96, '2012-12-26 17:01:39', 0),
(355, 5, 97, '2012-12-26 17:02:52', 0),
(356, 5, 98, '2012-12-26 17:03:53', 0),
(357, 5, 99, '2012-12-26 17:05:04', 0),
(358, 5, 100, '2012-12-26 17:06:12', 0),
(359, 5, 101, '2012-12-26 17:07:55', 0),
(360, 5, 102, '2012-12-26 17:08:59', 0),
(361, 5, 103, '2012-12-26 17:10:03', 0),
(362, 5, 104, '2012-12-26 17:11:26', 0),
(363, 5, 105, '2012-12-26 17:12:23', 0),
(364, 5, 106, '2012-12-26 17:13:18', 0),
(365, 5, 107, '2012-12-26 17:14:22', 0),
(366, 5, 108, '2012-12-26 17:15:28', 0),
(367, 5, 109, '2012-12-26 17:16:37', 0),
(368, 5, 110, '2012-12-26 17:17:59', 0),
(369, 5, 111, '2012-12-26 17:18:55', 0),
(370, 5, 112, '2012-12-26 17:20:12', 0),
(371, 5, 118, '2013-03-06 18:44:14', 1);

--
-- Dumping data for table `offer`
--

INSERT INTO `offer` (`id`, `id_sender`, `id_reciever`, `id_method`, `status`, `date_offer`, `paid`) VALUES
(1, 7, 6, 3, 0, '2012-12-26 13:04:30', 0),
(2, 7, 3, 4, 1, '2012-12-26 13:05:26', 0),
(3, 7, 5, 15, 1, '2012-12-26 13:11:20', 0),
(4, 7, 9, 15, 0, '2012-12-26 13:12:04', 0),
(5, 7, 8, 14, 0, '2012-12-26 13:12:23', 0),
(6, 5, 9, 2, 0, '2012-12-26 13:13:41', 0),
(8, 7, 29, 1, 0, '2012-12-26 13:48:43', 0),
(9, 7, 23, 3, 0, '2012-12-26 13:48:58', 0),
(11, 4, 59, 14, 0, '2012-12-26 15:22:54', 0),
(12, 4, 57, 4, 0, '2012-12-26 15:23:04', 0),
(13, 5, 4, 4, 1, '2012-12-26 15:45:54', 0),
(14, 4, 9, 6, 0, '2012-12-26 15:25:04', 0),
(15, 68, 4, 12, 1, '2012-12-26 15:26:58', 0),
(16, 4, 58, 3, 0, '2012-12-26 15:44:57', 0),
(18, 7, 4, 13, 0, '2012-12-26 16:04:32', 0),
(19, 79, 4, 13, 1, '2012-12-26 15:52:26', 0),
(20, 5, 79, 8, 1, '2012-12-26 15:53:03', 0),
(21, 79, 60, 15, 0, '2012-12-26 15:53:30', 0),
(22, 79, 7, 9, 1, '2012-12-26 15:54:20', 0),
(24, 79, 58, 5, 0, '2012-12-26 15:56:07', 0),
(25, 4, 77, 12, 0, '2012-12-26 15:56:33', 0),
(26, 4, 80, 3, 1, '2012-12-26 15:58:33', 0),
(27, 80, 79, 8, 1, '2012-12-26 16:01:36', 0),
(28, 80, 7, 14, 1, '2012-12-26 16:14:36', 0),
(29, 6, 98, 11, 0, '2013-01-21 09:56:03', 0),
(30, 3, 6, 14, 1, '2013-01-21 10:01:22', 0);

--
-- Dumping data for table `photo`
--

INSERT INTO `photo` (`id`, `id_user`, `date`, `filename_big`, `filename_medium`, `filename_faceribbon`, `filename_small`) VALUES
(9, 3, '2012-12-26 11:43:25', 'big_7d1a691df0db0340828bc652de8c9bdc.png', 'medium_7d1a691df0db0340828bc652de8c9bdc.png', 'faceribbon_7d1a691df0db0340828bc652de8c9bdc.png', 'small_7d1a691df0db0340828bc652de8c9bdc.png'),
(10, 3, '2012-12-26 11:44:06', 'big_ee88df69e181389b0b80277a6ce734b1.png', 'medium_ee88df69e181389b0b80277a6ce734b1.png', 'faceribbon_ee88df69e181389b0b80277a6ce734b1.png', 'small_ee88df69e181389b0b80277a6ce734b1.png'),
(14, 4, '2012-12-26 11:48:56', 'big_f54b5386c51856061e5cc78e2d8a0150.jpg', 'medium_f54b5386c51856061e5cc78e2d8a0150.jpg', 'faceribbon_f54b5386c51856061e5cc78e2d8a0150.jpg', 'small_f54b5386c51856061e5cc78e2d8a0150.jpg'),
(15, 4, '2012-12-26 11:49:44', 'big_4d9c14bf26b49912388c07c291a9e872.jpg', 'medium_4d9c14bf26b49912388c07c291a9e872.jpg', 'faceribbon_4d9c14bf26b49912388c07c291a9e872.jpg', 'small_4d9c14bf26b49912388c07c291a9e872.jpg'),
(16, 4, '2012-12-26 11:49:52', 'big_475ed73ae485535193da4d30328bb33e.jpg', 'medium_475ed73ae485535193da4d30328bb33e.jpg', 'faceribbon_475ed73ae485535193da4d30328bb33e.jpg', 'small_475ed73ae485535193da4d30328bb33e.jpg'),
(20, 7, '2012-12-26 13:03:33', 'big_571aed90415e091ac7aa3e7c609ac5a2.jpg', 'medium_571aed90415e091ac7aa3e7c609ac5a2.jpg', 'faceribbon_571aed90415e091ac7aa3e7c609ac5a2.jpg', 'small_571aed90415e091ac7aa3e7c609ac5a2.jpg'),
(21, 6, '2012-12-26 13:03:47', 'big_af10db565f86eed3d35553bfdb24a47a.jpg', 'medium_af10db565f86eed3d35553bfdb24a47a.jpg', 'faceribbon_af10db565f86eed3d35553bfdb24a47a.jpg', 'small_af10db565f86eed3d35553bfdb24a47a.jpg'),
(22, 7, '2012-12-26 13:03:49', 'big_8c07f92c8e5fbbfca4c5d48d5194a232.gif', 'medium_8c07f92c8e5fbbfca4c5d48d5194a232.gif', 'faceribbon_8c07f92c8e5fbbfca4c5d48d5194a232.gif', 'small_8c07f92c8e5fbbfca4c5d48d5194a232.gif'),
(23, 8, '2012-12-26 13:07:15', 'big_16983936d368448c96973a5bc10ffcd8.jpg', 'medium_16983936d368448c96973a5bc10ffcd8.jpg', 'faceribbon_16983936d368448c96973a5bc10ffcd8.jpg', 'small_16983936d368448c96973a5bc10ffcd8.jpg'),
(24, 9, '2012-12-26 13:09:28', 'big_fcadfcd4a25b8d9beef096a652ebcb06.jpg', 'medium_fcadfcd4a25b8d9beef096a652ebcb06.jpg', 'faceribbon_fcadfcd4a25b8d9beef096a652ebcb06.jpg', 'small_fcadfcd4a25b8d9beef096a652ebcb06.jpg'),
(25, 24, '2012-12-26 13:35:48', 'big_84999c9b1efc78abf2a6b8fd350e9049.jpg', 'medium_84999c9b1efc78abf2a6b8fd350e9049.jpg', 'faceribbon_84999c9b1efc78abf2a6b8fd350e9049.jpg', 'small_84999c9b1efc78abf2a6b8fd350e9049.jpg'),
(26, 27, '2012-12-26 13:44:12', 'big_7770d520a059eda209404f08184b1893.jpg', 'medium_7770d520a059eda209404f08184b1893.jpg', 'faceribbon_7770d520a059eda209404f08184b1893.jpg', 'small_7770d520a059eda209404f08184b1893.jpg'),
(27, 28, '2012-12-26 13:46:09', 'big_1f3cd7a09fd0a2d553e1b3cb37cad865.jpg', 'medium_1f3cd7a09fd0a2d553e1b3cb37cad865.jpg', 'faceribbon_1f3cd7a09fd0a2d553e1b3cb37cad865.jpg', 'small_1f3cd7a09fd0a2d553e1b3cb37cad865.jpg'),
(28, 29, '2012-12-26 13:49:33', 'big_c4ac54f395f4c32a2c7abcc961be3c7b.jpg', 'medium_c4ac54f395f4c32a2c7abcc961be3c7b.jpg', 'faceribbon_c4ac54f395f4c32a2c7abcc961be3c7b.jpg', 'small_c4ac54f395f4c32a2c7abcc961be3c7b.jpg'),
(29, 43, '2012-12-26 14:13:50', 'big_7cb9e1d76bce1907d7092d6d4b0065ea.jpg', 'medium_7cb9e1d76bce1907d7092d6d4b0065ea.jpg', 'faceribbon_7cb9e1d76bce1907d7092d6d4b0065ea.jpg', 'small_7cb9e1d76bce1907d7092d6d4b0065ea.jpg'),
(30, 46, '2012-12-26 14:26:49', 'big_1cf914966cbab68f5b9704f2fcbf8dc4.jpg', 'medium_1cf914966cbab68f5b9704f2fcbf8dc4.jpg', 'faceribbon_1cf914966cbab68f5b9704f2fcbf8dc4.jpg', 'small_1cf914966cbab68f5b9704f2fcbf8dc4.jpg'),
(31, 46, '2012-12-26 14:27:53', 'big_9a3a7503520c2f88a2d786b291321025.jpg', 'medium_9a3a7503520c2f88a2d786b291321025.jpg', 'faceribbon_9a3a7503520c2f88a2d786b291321025.jpg', 'small_9a3a7503520c2f88a2d786b291321025.jpg'),
(32, 52, '2012-12-26 14:38:14', 'big_8a7449fc1d1860c2051b8bdfd8b4f350.jpg', 'medium_8a7449fc1d1860c2051b8bdfd8b4f350.jpg', 'faceribbon_8a7449fc1d1860c2051b8bdfd8b4f350.jpg', 'small_8a7449fc1d1860c2051b8bdfd8b4f350.jpg'),
(33, 57, '2012-12-26 14:50:54', 'big_f4b7038fa3565b01902cb16c0e0104ca.jpg', 'medium_f4b7038fa3565b01902cb16c0e0104ca.jpg', 'faceribbon_f4b7038fa3565b01902cb16c0e0104ca.jpg', 'small_f4b7038fa3565b01902cb16c0e0104ca.jpg'),
(34, 58, '2012-12-26 14:52:57', 'big_a54fc0073d4eaf854fd93264f5c15be2.jpg', 'medium_a54fc0073d4eaf854fd93264f5c15be2.jpg', 'faceribbon_a54fc0073d4eaf854fd93264f5c15be2.jpg', 'small_a54fc0073d4eaf854fd93264f5c15be2.jpg'),
(35, 57, '2012-12-26 14:53:44', 'big_b6b4e6d80134d3eaaee2047a9ecaf119.jpg', 'medium_b6b4e6d80134d3eaaee2047a9ecaf119.jpg', 'faceribbon_b6b4e6d80134d3eaaee2047a9ecaf119.jpg', 'small_b6b4e6d80134d3eaaee2047a9ecaf119.jpg'),
(36, 59, '2012-12-26 14:56:00', 'big_0eb75c155f0437c85c3d8fc4ad627be9.jpg', 'medium_0eb75c155f0437c85c3d8fc4ad627be9.jpg', 'faceribbon_0eb75c155f0437c85c3d8fc4ad627be9.jpg', 'small_0eb75c155f0437c85c3d8fc4ad627be9.jpg'),
(37, 60, '2012-12-26 15:06:06', 'big_f8f872a729c3211db49c1d1cb1260eed.jpg', 'medium_f8f872a729c3211db49c1d1cb1260eed.jpg', 'faceribbon_f8f872a729c3211db49c1d1cb1260eed.jpg', 'small_f8f872a729c3211db49c1d1cb1260eed.jpg'),
(38, 4, '2012-12-26 15:25:43', 'big_018b7ed656629430730ebf5f08135eed.jpg', 'medium_018b7ed656629430730ebf5f08135eed.jpg', 'faceribbon_018b7ed656629430730ebf5f08135eed.jpg', 'small_018b7ed656629430730ebf5f08135eed.jpg'),
(39, 4, '2012-12-26 15:26:01', 'big_0e74f313b0f935e377f6674eac461b2c.jpg', 'medium_0e74f313b0f935e377f6674eac461b2c.jpg', 'faceribbon_0e74f313b0f935e377f6674eac461b2c.jpg', 'small_0e74f313b0f935e377f6674eac461b2c.jpg'),
(40, 75, '2012-12-26 15:35:24', 'big_2d643f3952ca02e3a1d6a03756e5304d.jpg', 'medium_2d643f3952ca02e3a1d6a03756e5304d.jpg', 'faceribbon_2d643f3952ca02e3a1d6a03756e5304d.jpg', 'small_2d643f3952ca02e3a1d6a03756e5304d.jpg'),
(42, 3, '2012-12-26 15:45:09', 'big_4ce65503c7925113c84e1581070af5b1.png', 'medium_4ce65503c7925113c84e1581070af5b1.png', 'faceribbon_4ce65503c7925113c84e1581070af5b1.png', 'small_4ce65503c7925113c84e1581070af5b1.png'),
(43, 79, '2012-12-26 15:48:55', 'big_b494158db53181d23b7758e7e3672588.jpg', 'medium_b494158db53181d23b7758e7e3672588.jpg', 'faceribbon_b494158db53181d23b7758e7e3672588.jpg', 'small_b494158db53181d23b7758e7e3672588.jpg'),
(44, 79, '2012-12-26 15:49:15', 'big_07ab67c063376298fb71695263756c6a.jpg', 'medium_07ab67c063376298fb71695263756c6a.jpg', 'faceribbon_07ab67c063376298fb71695263756c6a.jpg', 'small_07ab67c063376298fb71695263756c6a.jpg'),
(45, 5, '2012-12-26 15:49:40', 'big_2c02485cd94601274c76d9b14bfdac15.jpg', 'medium_2c02485cd94601274c76d9b14bfdac15.jpg', 'faceribbon_2c02485cd94601274c76d9b14bfdac15.jpg', 'small_2c02485cd94601274c76d9b14bfdac15.jpg'),
(46, 79, '2012-12-26 15:50:17', 'big_0e9e31da9d73cb8f57bc3c45bddbf213.jpg', 'medium_0e9e31da9d73cb8f57bc3c45bddbf213.jpg', 'faceribbon_0e9e31da9d73cb8f57bc3c45bddbf213.jpg', 'small_0e9e31da9d73cb8f57bc3c45bddbf213.jpg'),
(47, 79, '2012-12-26 15:51:03', 'big_6aa1585a8e821ef397c8c79a0eca7795.JPG', 'medium_6aa1585a8e821ef397c8c79a0eca7795.JPG', 'faceribbon_6aa1585a8e821ef397c8c79a0eca7795.JPG', 'small_6aa1585a8e821ef397c8c79a0eca7795.JPG'),
(48, 79, '2012-12-26 15:51:14', 'big_2f18df63f880f3cd081fd1f9629930cc.JPG', 'medium_2f18df63f880f3cd081fd1f9629930cc.JPG', 'faceribbon_2f18df63f880f3cd081fd1f9629930cc.JPG', 'small_2f18df63f880f3cd081fd1f9629930cc.JPG'),
(49, 77, '2012-12-26 15:52:46', 'big_3e218a3e0b0848439f5a2d2c3970454c.jpg', 'medium_3e218a3e0b0848439f5a2d2c3970454c.jpg', 'faceribbon_3e218a3e0b0848439f5a2d2c3970454c.jpg', 'small_3e218a3e0b0848439f5a2d2c3970454c.jpg'),
(50, 80, '2012-12-26 15:54:43', 'big_747c58cbf05f6ad0e83a5c744794a4af.jpeg', 'medium_747c58cbf05f6ad0e83a5c744794a4af.jpeg', 'faceribbon_747c58cbf05f6ad0e83a5c744794a4af.jpeg', 'small_747c58cbf05f6ad0e83a5c744794a4af.jpeg'),
(51, 80, '2012-12-26 15:54:55', 'big_c276a3a072c3f3a4476433b3280870cb.jpeg', 'medium_c276a3a072c3f3a4476433b3280870cb.jpeg', 'faceribbon_c276a3a072c3f3a4476433b3280870cb.jpeg', 'small_c276a3a072c3f3a4476433b3280870cb.jpeg'),
(52, 83, '2012-12-26 16:44:11', 'big_c2a095d44a45e4fdbb566852dfee893c.jpg', 'medium_c2a095d44a45e4fdbb566852dfee893c.jpg', 'faceribbon_c2a095d44a45e4fdbb566852dfee893c.jpg', 'small_c2a095d44a45e4fdbb566852dfee893c.jpg'),
(53, 84, '2012-12-26 16:45:59', 'big_ab21329c0ef33ffb14d7ab8e1df575b4.jpg', 'medium_ab21329c0ef33ffb14d7ab8e1df575b4.jpg', 'faceribbon_ab21329c0ef33ffb14d7ab8e1df575b4.jpg', 'small_ab21329c0ef33ffb14d7ab8e1df575b4.jpg'),
(54, 85, '2012-12-26 16:47:30', 'big_b6a2dd022f08e5a621d6f56dd9fe08e2.jpg', 'medium_b6a2dd022f08e5a621d6f56dd9fe08e2.jpg', 'faceribbon_b6a2dd022f08e5a621d6f56dd9fe08e2.jpg', 'small_b6a2dd022f08e5a621d6f56dd9fe08e2.jpg'),
(55, 100, '2012-12-26 17:06:52', 'big_ed0fe5acb817a6c8123d133015c8e62a.jpg', 'medium_ed0fe5acb817a6c8123d133015c8e62a.jpg', 'faceribbon_ed0fe5acb817a6c8123d133015c8e62a.jpg', 'small_ed0fe5acb817a6c8123d133015c8e62a.jpg'),
(56, 103, '2012-12-26 17:10:39', 'big_7fcc48ac8c0e404a3a1783ea5aaa52e5.jpg', 'medium_7fcc48ac8c0e404a3a1783ea5aaa52e5.jpg', 'faceribbon_7fcc48ac8c0e404a3a1783ea5aaa52e5.jpg', 'small_7fcc48ac8c0e404a3a1783ea5aaa52e5.jpg'),
(57, 109, '2012-12-26 17:17:18', 'big_5223b139f0b1bc234e5a50521827dc01.jpg', 'medium_5223b139f0b1bc234e5a50521827dc01.jpg', 'faceribbon_5223b139f0b1bc234e5a50521827dc01.jpg', 'small_5223b139f0b1bc234e5a50521827dc01.jpg');

--
-- Dumping data for table `profile`
--

INSERT INTO `profile` (`id`, `id_user`, `height`, `weight`, `age_min`, `age_max`, `id_seeking`, `id_orientation`, `id_children`, `id_welfare`, `id_status`, `id_housing`) VALUES
(132, 3, 162, 126, 18, NULL, 1, 1, 1, 2, 1, 2),
(133, 4, NULL, NULL, 18, 24, 0, 1, 1, NULL, 3, NULL),
(134, 5, 178, 100, 18, 25, 1, 1, 4, 2, 4, 5),
(135, 6, 179, 89, 18, 26, 1, 1, 2, 3, 1, 3),
(136, 7, 180, 90, 18, 40, 1, 1, 4, 2, 4, 5),
(137, 8, 123, 126, 18, 30, 1, 1, 1, 1, 3, 6),
(138, 9, 178, 83, 18, 24, 1, 1, 4, 2, 2, 5),
(139, 10, 190, 75, 18, 29, 2, 2, 1, 4, 2, 1),
(140, 11, 197, 87, 18, 68, 1, 1, 3, 3, 1, 4),
(141, 12, 169, 71, 18, 45, 1, 3, 2, 4, 2, 3),
(142, 13, 161, 70, 18, 76, 1, 1, 1, 3, 2, 5),
(143, 14, 174, 75, 18, 55, 1, 1, 2, 2, 1, 4),
(144, 15, 180, 76, 18, NULL, 1, 1, 1, 3, 1, 2),
(145, 16, 163, 101, 18, 38, 1, 2, 2, 3, 3, 1),
(146, 17, 188, 102, 18, 29, 1, 1, 3, 1, 3, 5),
(147, 18, 169, 74, 18, 29, 0, 3, 1, 1, 2, 3),
(148, 19, 175, 110, 18, 54, 1, 1, 2, 4, 2, 1),
(149, 20, 195, 161, 18, 80, 1, 1, 3, 4, 1, 4),
(150, 21, 187, 75, 18, 75, 1, 1, 2, 1, 2, 1),
(151, 22, 192, 114, 18, 27, 1, 2, 4, 4, 1, 6),
(152, 23, 245, 122, 18, 23, 2, 3, 1, 3, 4, 2),
(153, 24, 120, 48, 9, 17, 2, 2, 2, 4, 2, 1),
(154, 25, 171, 74, 9, 17, 1, 1, 1, 1, 4, 2),
(155, 26, 146, 57, 7, 17, 1, 1, 1, NULL, 1, 3),
(156, 27, 170, 64, 18, 25, 1, 1, 1, 3, 1, 2),
(157, 28, 166, 74, 18, 43, 1, 2, 3, 3, 1, 3),
(158, 29, 149, 71, 18, 23, 0, 3, 2, 3, 2, 2),
(159, 30, 174, 55, 18, 26, 1, 1, 4, 3, 4, 3),
(160, 31, 180, 88, 18, 66, 1, 3, 2, 3, 2, 3),
(161, 32, 197, 104, 18, 29, 1, 2, 1, 3, 2, 4),
(162, 33, 191, 123, 18, 25, 1, 1, 2, 2, 4, 5),
(163, 34, 202, 110, 18, 47, 1, 1, 4, 4, 2, 3),
(164, 35, 132, 120, 18, 55, 1, 1, 2, 1, 4, 4),
(165, 36, 166, 110, 18, 26, 2, 2, 4, 2, 2, 6),
(166, 37, 120, 140, 18, 46, 1, 2, 2, 3, 4, 2),
(167, 38, 200, 141, 18, 57, 0, 3, 2, 4, 2, 3),
(168, 39, 120, 40, 18, 27, 1, 2, 3, 3, 1, 1),
(169, 40, 142, 64, 18, 22, 0, 3, 2, 4, 2, 1),
(170, 41, 130, 40, 18, 56, 1, 2, 3, 3, 4, 4),
(171, 42, 193, 129, 18, 50, 1, 1, 3, 2, 1, 4),
(172, 43, 131, 52, 9, 17, 2, 1, 2, 1, 3, 3),
(173, 44, 120, 78, 10, 17, 2, 1, 2, 2, 1, 3),
(174, 45, 120, 57, 7, 17, 2, 1, 1, NULL, 2, 3),
(175, 46, 120, 40, 18, 27, 1, 1, 2, 4, 1, 1),
(176, 47, 186, 116, 18, 26, 1, 2, 2, 4, 3, 1),
(177, 48, 120, 40, 18, 53, 1, 1, 3, 3, 3, 4),
(178, 49, 130, 120, 18, 27, 1, 2, 4, 1, 1, 4),
(179, 50, 161, 119, 18, 72, 1, 2, 3, 3, 3, 4),
(180, 51, 154, 93, 18, 23, 2, 3, 3, 2, 2, 4),
(181, 52, 120, 58, 9, 17, 2, 1, 2, 2, 1, 3),
(182, 53, 161, 169, 9, 17, 2, 2, 3, 4, 3, 1),
(183, 54, 120, 63, 10, 17, 1, 3, 2, 3, 2, 3),
(184, 55, 120, 67, 10, 17, 2, 2, 1, 2, 2, 3),
(185, 56, NULL, NULL, NULL, NULL, NULL, NULL, NULL, NULL, NULL, NULL),
(186, 57, 201, 163, 18, 24, 2, 1, 2, 2, 2, 4),
(187, 58, 120, 45, 18, 29, 0, 3, 3, 4, 2, 6),
(188, 59, 142, 74, 18, 75, 0, 1, 3, 2, 2, 5),
(189, 60, 167, 51, 18, 26, 2, 2, 1, 3, 1, 3),
(190, 61, 130, 46, 18, 22, 0, 1, 1, 3, 2, 4),
(191, 62, 129, 52, 18, 61, 2, 1, 4, 1, 2, 3),
(192, 63, 159, 63, 18, 28, 2, 2, 2, 3, 3, 6),
(193, 64, 159, 74, 18, 62, 0, 2, 4, 4, 1, 5),
(194, 65, 154, 45, 18, 28, 0, 2, 2, 4, 4, 5),
(195, 66, 232, 119, 18, 29, 2, 1, 3, 2, 2, 4),
(196, 67, 120, 40, 18, 23, 2, 3, 2, 3, 3, 2),
(197, 68, 120, 186, 18, 61, 0, 2, 1, 3, 2, 5),
(198, 69, 159, 72, 18, 29, 2, 2, 3, 4, 2, 3),
(199, 70, 120, 46, 18, 60, 2, 3, 2, 2, 1, 3),
(200, 71, 152, 46, 18, 60, 1, 3, 3, 2, 3, 4),
(201, 72, 154, 73, 18, 60, 0, 2, 3, 3, 1, 3),
(202, 73, 155, 60, 18, 59, 2, 1, 1, 1, 1, 1),
(203, 74, 148, 55, 18, 42, 2, 2, 3, 2, 3, 3),
(204, 75, 170, 50, 8, 17, 0, 1, 4, 4, 2, 3),
(205, 76, 120, 40, 9, 17, 0, 1, 1, 1, 1, 1),
(206, 77, 250, 250, 18, 80, 0, 2, 4, 4, 3, 6),
(207, 78, NULL, NULL, NULL, NULL, NULL, NULL, NULL, NULL, NULL, NULL),
(208, 79, 184, 96, 18, 30, 1, 1, NULL, 4, 3, NULL),
(209, 80, 192, 90, 18, NULL, 1, 1, 1, 3, 1, 1),
(210, 81, 120, 40, 10, 17, 0, 2, 3, 2, 2, 3),
(211, 82, NULL, NULL, 18, 22, 1, 1, 3, NULL, NULL, 1),
(212, 83, 203, 70, 18, 23, 0, 1, 2, 2, 2, 3),
(213, 84, 149, 73, 18, 25, 0, 2, 1, 3, 3, 5),
(214, 85, 194, 62, 18, 25, 2, 2, 1, 3, 3, 3),
(215, 86, 148, 47, 18, 29, 0, 2, 2, 2, 1, 4),
(216, 87, 136, 53, 18, 28, 0, 2, 2, 1, 4, 5),
(217, 88, 140, 88, 18, 48, 0, 2, 2, 3, 2, 1),
(218, 89, 154, 82, 18, 21, 2, 2, 3, 3, 1, 2),
(219, 90, 177, 49, 18, 77, 0, 2, 4, 4, 4, 6),
(220, 91, 170, 70, 18, 27, 0, 1, 3, 2, 1, 4),
(221, 92, 153, 76, 18, 45, 0, 1, 3, 3, 1, 1),
(222, 93, 123, 64, 18, 38, 0, 2, 2, 2, 4, 3),
(223, 94, 148, 99, 18, 26, 2, 3, 2, 4, 2, 1),
(224, 95, 176, 68, 18, 63, 0, 1, 1, 3, 3, 3),
(225, 96, 151, 51, 18, 60, 0, 2, 4, 3, 4, 2),
(226, 97, 152, 73, 18, 27, 2, 2, 2, 2, 3, 4),
(227, 98, 153, 72, 18, 60, 0, 1, 2, 3, 3, 5),
(228, 99, 171, 66, 18, 27, 2, 3, 2, 4, 4, 1),
(229, 100, 158, 57, 9, 17, 2, 2, 4, 4, 2, 4),
(230, 101, 147, 40, 9, 17, 0, 1, 2, 3, 2, 2),
(231, 102, 173, 51, 10, 17, 2, 2, 1, 1, 3, 4),
(232, 103, 202, 87, 18, 78, 2, 1, 4, 4, 2, 1),
(233, 104, 124, 48, 18, 23, 0, 1, 4, 1, 2, 4),
(234, 105, 215, 71, 18, 54, 0, 1, 3, 2, 2, 2),
(235, 106, 155, 73, 18, 22, 2, 1, 3, 4, 3, 3),
(236, 107, 165, 40, 18, 24, 2, 2, 3, 4, 2, 2),
(237, 108, 162, 46, 18, 21, 1, 3, 3, 2, 2, 3),
(238, 109, 143, 40, 9, 17, 0, 3, 1, 2, 2, 4),
(239, 110, 142, 83, 9, 17, 0, 2, 1, 1, 1, 4),
(240, 111, 204, 159, 12, 17, 2, 1, 2, 3, 2, 6),
(241, 112, 155, 76, 10, 17, 2, 1, 1, 3, 1, 3),
(242, 117, NULL, NULL, NULL, NULL, 1, NULL, NULL, NULL, NULL, NULL),
(243, 118, NULL, NULL, NULL, NULL, 1, NULL, NULL, NULL, NULL, NULL);

--
-- Dumping data for table `user`
--

INSERT INTO `user` (`id`, `phone`, `salt`, `password`, `role`, `register_step`, `name`, `id_userpic`, `birthday`, `id_region`, `timezone`, `id_city`, `id_gender`, `email`, `date_lastvisit`, `date_register`, `date_rating`, `account`, `account_bonus`, `counter_offer`, `fl_banned`, `fl_deleted`, `fl_newmail`) VALUES
(17, '0000000011', 'KNj', '04f576a318c58af3194e7ff1496c6e1f', 'user', 0, 'Григорий', NULL, '1967-04-04', 42, 'Asia/Omsk', 1444, 0, '', '2012-12-26 13:23:18', '2012-12-26 13:23:18', '2012-12-26 13:23:18', 1200.00, 0.00, 0, 0, 0, 0),
(18, '0000000012', 'Ikg', '049c9da78dd4fa2d74976b34df5bb766', 'user', 0, 'Ашот', NULL, '1980-03-06', 42, 'Asia/Omsk', 1444, 0, '', '2012-12-26 13:25:09', '2012-12-26 13:25:09', '2012-12-26 13:25:09', 1200.00, 0.00, 0, 0, 0, 0),
(19, '0000000013', 'Ilb', '9bbb5419c4f9e424881f8f15921c0c3e', 'user', 0, 'Артур', NULL, '1967-04-13', 42, 'Asia/Omsk', 1444, 0, '', '2012-12-26 13:26:59', '2012-12-26 13:26:59', '2012-12-26 13:26:59', 1200.00, 0.00, 0, 0, 0, 0),
(20, '0000000014', 'aFE', '9b29b1fbcdbc75744d428eb67699fe2f', 'user', 0, 'Венедикт', NULL, '1956-05-27', 42, 'Asia/Omsk', 1444, 0, '', '2012-12-26 13:28:24', '2012-12-26 13:28:23', '2012-12-26 13:28:24', 1200.00, 0.00, 0, 0, 0, 0),
(22, '0000000016', 'ISn', 'ca597c6f45f30dc6c1b0031d018565cc', 'user', 0, 'Герасим', NULL, '1978-04-10', 42, 'Asia/Omsk', 1444, 0, '', '2012-12-26 13:31:18', '2012-12-26 13:31:17', '2012-12-26 13:31:17', 1200.00, 0.00, 0, 0, 0, 0),
(21, '0000000015', 'Oxd', '0346cf95b84bc6eb1237fa93c1e3d386', 'user', 0, 'Геннадий', NULL, '1977-07-14', 42, 'Asia/Omsk', 1444, 0, '', '2012-12-26 13:29:56', '2012-12-26 13:29:55', '2012-12-26 13:29:55', 1200.00, 0.00, 0, 0, 0, 0),
(25, '0000000019', 'YME', '184e265b3cf3e9f949a11b5adb80026e', 'user', 0, 'Жорж', NULL, '1990-01-01', 42, 'Asia/Omsk', 1444, 0, '', '2012-12-26 13:37:23', '2012-12-26 13:37:23', '2012-12-26 13:37:23', 1200.00, 0.00, 0, 0, 0, 0),
(24, '9620510726', 'EON', 'c8610befc1932c8f3cd34bb787b7c4b7', 'user', 0, 'Даниил', 25, '1990-01-01', 42, 'Asia/Omsk', 1444, 0, '', '2012-12-26 13:34:18', '2012-12-26 13:34:18', '2012-12-26 13:34:18', 1200.00, 0.00, 0, 0, 0, 0),
(23, '0000000017', 'cpp', '71a098ae756446f792edc89e0c1b8286', 'user', 0, 'Давид', NULL, '1978-05-21', 42, 'Asia/Omsk', 1444, 0, '', '2012-12-26 13:32:58', '2012-12-26 13:32:57', '2012-12-26 13:32:58', 1200.00, 0.00, 0, 0, 0, 0),
(26, '0000000020', 'xHU', '6daf5e2b83982b82fd7f8a16527dc674', 'user', 0, 'Арнольд', NULL, '1990-01-01', 42, 'Asia/Omsk', 1444, 0, '', '2012-12-26 13:39:17', '2012-12-26 13:39:17', '2012-12-26 13:39:17', 1200.00, 0.00, 0, 0, 0, 0),
(29, '0000000023', 'XKD', 'a65459ad18be90a0fef640d461976f93', 'user', 0, 'Бронислав', 28, '1988-04-08', 1, 'Europe/Moscow', 1, 0, '', '2012-12-26 13:47:00', '2012-12-26 13:47:00', '2012-12-26 13:47:00', 1200.00, 0.00, 0, 0, 0, 0),
(27, '0000000021', 'hHP', '3cf29b64ddb3a422c6305521034dcb35', 'user', 0, 'Игнат', 26, '1986-12-05', 1, 'Europe/Moscow', 1, 0, '', '2012-12-26 13:42:51', '2012-12-26 13:42:51', '2012-12-26 13:42:51', 1200.00, 0.00, 0, 0, 0, 0),
(31, '0000000025', 'rPc', 'c37ae573876dcd4ca784225b9734c844', 'user', 0, 'Вячеслав', NULL, '1973-03-05', 1, 'Europe/Moscow', 1, 0, '', '2012-12-26 13:51:29', '2012-12-26 13:51:28', '2012-12-26 13:51:29', 1200.00, 0.00, 0, 0, 0, 0),
(30, '0000000024', 'bZx', 'efb32f7cc3f4090ecf1aa2af2de8b404', 'user', 0, 'Виталий', NULL, '1974-09-07', 1, 'Europe/Moscow', 1, 0, '', '2012-12-26 13:50:08', '2012-12-26 13:50:08', '2012-12-26 13:50:08', 1200.00, 0.00, 0, 0, 0, 0),
(28, '0000000022', 'Ptg', '1a231d283034466df7e283edb03d233f', 'user', 0, 'Богдан', 27, '1969-07-06', 1, 'Europe/Moscow', 1, 0, '', '2012-12-26 13:44:53', '2012-12-26 13:44:53', '2012-12-26 13:44:53', 1200.00, 0.00, 0, 0, 0, 0),
(32, '0000000026', 'gYJ', 'dac392d9075803fd5a0b1a39f23490cd', 'user', 0, 'Илья', NULL, '1981-06-09', 1, 'Europe/Moscow', 1, 0, '', '2012-12-26 13:53:00', '2012-12-26 13:53:00', '2012-12-26 13:53:00', 1200.00, 0.00, 0, 0, 0, 0),
(34, '0000000029', 'Zdl', 'a344b83c36f0949cb4f3b4e29f8316fc', 'user', 0, 'Модест', NULL, '1982-07-17', 1, 'Europe/Moscow', 1, 0, '', '2012-12-26 13:56:09', '2012-12-26 13:56:09', '2012-12-26 13:56:09', 1200.00, 0.00, 0, 0, 0, 0),
(33, '0000000028', 'WwS', '450d6a5de450fea582b99e8367ebed15', 'user', 0, 'Карл', NULL, '1977-07-04', 1, 'Europe/Moscow', 1, 0, '', '2012-12-26 13:54:35', '2012-12-26 13:54:34', '2012-12-26 13:54:35', 1200.00, 0.00, 0, 0, 0, 0),
(35, '0000000030', 'sgP', '794ee076f1ec984ba545970ad3aa2247', 'user', 0, 'Клемент', NULL, '1986-03-13', 1, 'Europe/Moscow', 1, 0, '', '2012-12-26 13:58:04', '2012-12-26 13:58:04', '2012-12-26 13:58:04', 1200.00, 0.00, 0, 0, 0, 0),
(39, '0000000034', 'qrw', 'aa431400d33e825a3806ae0307c53d28', 'user', 0, 'Назар', NULL, '1978-05-12', 1, 'Europe/Moscow', 1, 0, '', '2012-12-26 14:04:43', '2012-12-26 14:04:43', '2012-12-26 14:04:43', 1200.00, 0.00, 0, 0, 0, 0),
(40, '0000000035', 'XaB', '38ac1403a6b0d262678a9c9ef019e03c', 'user', 0, 'Онисим', NULL, '1958-05-10', 1, 'Europe/Moscow', 1, 0, '', '2012-12-26 14:05:47', '2012-12-26 14:05:47', '2012-12-26 14:05:47', 1200.00, 0.00, 0, 0, 0, 0),
(37, '0000000032', 'cYC', '688ab5c54f21e32db752f1ae0e90e254', 'user', 0, 'Эмиль', NULL, '1969-04-06', 1, 'Europe/Moscow', 1, 0, '', '2012-12-26 14:01:44', '2012-12-26 14:01:44', '2012-12-26 14:01:44', 1200.00, 0.00, 0, 0, 0, 0),
(38, '0000000033', 'Fce', '2e8ea10a9316c3faf6cba4163e245a92', 'user', 0, 'Яков', NULL, '1986-11-30', 1, 'Europe/Moscow', 1, 0, '', '2012-12-26 14:03:13', '2012-12-26 14:03:13', '2012-12-26 14:03:13', 1200.00, 0.00, 0, 0, 0, 0),
(42, '0000000037', 'Zto', '4db8a8e823686b034619b0162d0c1eb4', 'user', 0, 'Изяслав', NULL, '1971-09-21', 1, 'Europe/Moscow', 1, 0, '', '2012-12-26 14:08:28', '2012-12-26 14:08:28', '2012-12-26 14:08:28', 1200.00, 0.00, 0, 0, 0, 0),
(36, '0000000031', 'zdO', '290a2eacfedc06f036fe3187acd2e42d', 'user', 0, 'Руслан', NULL, '1961-09-06', 1, 'Europe/Moscow', 1, 0, '', '2012-12-26 14:00:13', '2012-12-26 14:00:13', '2012-12-26 14:00:13', 1200.00, 0.00, 0, 0, 0, 0),
(41, '0000000036', 'jBG', 'd563a2e4bce71614cc170063ac35c0f6', 'user', 0, 'Прохор', NULL, '1968-03-13', 1, 'Europe/Moscow', 1, 0, '', '2012-12-26 14:07:07', '2012-12-26 14:07:07', '2012-12-26 14:07:07', 1200.00, 0.00, 0, 0, 0, 0),
(47, '0000000042', 'vyr', 'f1a835eb2d5a408ad0bdece449929757', 'user', 0, 'Денис', NULL, '1959-03-17', 8, 'Europe/Yekaterinburg', 414, 0, '', '2012-12-26 14:30:34', '2012-12-26 14:30:34', '2012-12-26 14:30:34', 1200.00, 0.00, 0, 0, 0, 0),
(43, '0000000038', 'qwO', '8a2a8ac420eb613b20102f0414aaec9a', 'user', 0, 'Карен', 29, '1990-01-01', 1, 'Europe/Moscow', 1, 0, '', '2012-12-26 14:10:03', '2012-12-26 14:10:03', '2012-12-26 14:10:03', 1200.00, 0.00, 0, 0, 0, 0),
(45, '0000000040', 'LTA', '0aa53f2d9cf6f4c0c7546adf2615795c', 'user', 0, 'Кондрат', NULL, '1990-01-01', 1, 'Europe/Moscow', 1, 0, '', '2012-12-26 14:15:56', '2012-12-26 14:15:56', '2012-12-26 14:15:56', 1200.00, 0.00, 0, 0, 0, 0),
(46, '0000000041', 'RBI', 'cb502fbbcdc4d9bc20613f1a8721f05e', 'user', 0, 'Дорофей', 31, '1972-05-05', 40, 'Europe/Moscow', 1374, 0, '', '2012-12-26 14:25:24', '2012-12-26 14:25:24', '2012-12-26 14:25:24', 1200.00, 0.00, 0, 0, 0, 0),
(44, '0000000039', 'wmF', '48448dd1ff6567f30c63319bc5097ffd', 'user', 0, 'Марк', NULL, '1990-01-01', 1, 'Europe/Moscow', 1, 0, '', '2012-12-26 14:14:32', '2012-12-26 14:14:32', '2012-12-26 14:14:32', 1200.00, 0.00, 0, 0, 0, 0),
(50, '0000000045', 'DvJ', '714c4841bcf9939e1c7c8915161885b5', 'user', 0, 'Бонифаций', NULL, '1964-10-12', 12, 'Europe/Moscow', 515, 0, '', '2012-12-26 14:34:40', '2012-12-26 14:34:40', '2012-12-26 14:34:40', 1200.00, 0.00, 0, 0, 0, 0),
(48, '0000000043', 'gOE', '47590d2a14fef2530457e41fcf168842', 'user', 0, 'Вилли', NULL, '1976-05-07', 75, 'Asia/Anadyr', 2518, 0, '', '2012-12-26 14:32:05', '2012-12-26 14:32:05', '2012-12-26 14:32:05', 1200.00, 0.00, 0, 0, 0, 0),
(49, '0000000044', 'mYK', 'ba67a4ed1670375c284d181b3eec60ca', 'user', 0, 'Герман', NULL, '1968-04-04', 9, 'Europe/Moscow', 422, 0, '', '2012-12-26 14:33:36', '2012-12-26 14:33:36', '2012-12-26 14:33:36', 1200.00, 0.00, 0, 0, 0, 0),
(51, '0000000046', 'DGk', '36f8b0cb4991021ea19ed21c0fbc0741', 'user', 0, 'Арсений', NULL, '1959-07-05', 21, 'Europe/Kaliningrad', 774, 0, '', '2012-12-26 14:35:41', '2012-12-26 14:35:41', '2012-12-26 14:35:41', 1200.00, 0.00, 0, 0, 0, 0),
(54, '0000000049', 'PxX', 'f972d74fa194f7f56c99fa3a95d0fc88', 'user', 0, 'Зигмунд', NULL, '1990-01-01', 58, 'Europe/Volgograd', 2039, 0, '', '2012-12-26 14:40:18', '2012-12-26 14:40:18', '2012-12-26 14:40:18', 1200.00, 0.00, 0, 0, 0, 0),
(55, '0000000050', 'JPQ', 'b3dbbf1d6fb24a5f4f0ac2033159c3a4', 'user', 0, 'Измаил', NULL, '1990-01-01', 49, 'Europe/Volgograd', 1711, 0, '', '2012-12-26 14:41:43', '2012-12-26 14:41:43', '2012-12-26 14:41:43', 1200.00, 0.00, 0, 0, 0, 0),
(53, '0000000048', 'pGj', 'f2d76063346b457a9e9d56e957d66d26', 'user', 0, 'Ефим', NULL, '1990-01-01', 15, 'Europe/Moscow', 609, 0, '', '2012-12-26 14:38:51', '2012-12-26 14:38:51', '2012-12-26 14:38:51', 1200.00, 0.00, 0, 0, 0, 0),
(52, '0000000047', 'RVc', 'e0bfdf80eb656f4bae9d0cd24990d5cf', 'user', 0, 'Артём', 32, '1990-01-01', 23, 'Europe/Moscow', 813, 0, '', '2012-12-26 14:36:49', '2012-12-26 14:36:49', '2012-12-26 14:36:49', 1200.00, 0.00, 0, 0, 0, 0),
(59, '0000000052', 'cpV', 'c3d49bd9ee2ecf3b0a6bc056baee853b', 'user', 0, 'Беатриса', 36, '1971-12-13', 42, 'Asia/Omsk', 1444, 1, '', '2012-12-26 14:55:09', '2012-12-26 14:55:09', '2012-12-26 14:55:09', 1200.00, 0.00, 0, 0, 0, 0),
(60, '0000000053', 'Uhc', '4f645ac41a9b4913ceaeb06f8beea911', 'user', 0, 'Валентина', 37, '1983-06-13', 42, 'Asia/Omsk', 1444, 1, '', '2012-12-26 15:04:55', '2012-12-26 15:04:55', '2012-12-26 15:04:55', 1200.00, 0.00, 0, 0, 0, 0),
(57, '0000000051', 'jKK', '1f3e271bf9c5ccd0441227e19d112901', 'user', 0, 'Аврора', 35, '1971-05-06', 42, 'Asia/Omsk', 1444, 0, '', '2012-12-26 14:53:19', '2012-12-26 14:49:31', '2012-12-26 14:49:31', 1200.00, 0.00, 0, 0, 0, 0),
(56, '9136666666', 'XYV', '99a4d197ae02bd264724d2f31a833876', 'user', 4, 'Вениамин', NULL, '1982-04-07', 4, 'Asia/Novosibirsk', 229, 0, '', '2012-12-26 14:43:11', '2012-12-26 14:43:11', '2012-12-26 14:43:11', 1200.00, 0.00, 0, 0, 0, 0),
(58, '0000000551', 'kHY', 'f98aa892512f0d563da778dc881cd047', 'user', 0, 'Аврора', 34, '1961-09-06', 42, 'Asia/Omsk', 1444, 1, '', '2012-12-26 14:51:50', '2012-12-26 14:51:50', '2012-12-26 14:51:50', 1200.00, 0.00, 0, 0, 0, 0),
(61, '0000000054', 'faB', 'aa7863b82d13e7e1f8ec94eb902bf523', 'user', 0, 'Галина', NULL, '1990-06-05', 42, 'Asia/Omsk', 1444, 1, '', '2012-12-26 15:06:56', '2012-12-26 15:06:56', '2012-12-26 15:06:56', 1200.00, 0.00, 0, 0, 0, 0),
(63, '0000000056', 'TNX', '36f314700f2ee7fbf22f3f0f693bc2d0', 'user', 0, 'Евгения', NULL, '1985-06-24', 42, 'Asia/Omsk', 1444, 1, '', '2012-12-26 15:10:43', '2012-12-26 15:10:43', '2012-12-26 15:10:43', 1200.00, 0.00, 0, 0, 0, 0),
(66, '0000000059', 'nKs', 'c2d2feb57d37494df913432b34b6133e', 'user', 0, 'Клавдия', NULL, '1980-06-11', 42, 'Asia/Omsk', 1444, 1, '', '2012-12-26 15:17:03', '2012-12-26 15:17:03', '2012-12-26 15:17:03', 1200.00, 0.00, 0, 0, 0, 0),
(65, '0000000058', 'IJs', '4a10206aebc0fa99a8bac679172f311d', 'user', 0, 'Ирина', NULL, '1986-11-12', 42, 'Asia/Omsk', 1444, 1, '', '2012-12-26 15:14:14', '2012-12-26 15:14:14', '2012-12-26 15:14:14', 1200.00, 0.00, 0, 0, 0, 0),
(64, '0000000057', 'mVD', '9951568f9948891ee8bdcd28647848f6', 'user', 0, 'Зинаида', NULL, '1970-03-20', 42, 'Asia/Omsk', 1444, 1, '', '2012-12-26 15:12:32', '2012-12-26 15:12:32', '2012-12-26 15:12:32', 1200.00, 0.00, 0, 0, 0, 0),
(70, '0000000063', 'ZMy', '18234fe50678976419dfbfae30691a72', 'user', 0, 'Ольга', NULL, '1969-06-04', 42, 'Asia/Omsk', 1444, 1, '', '2012-12-26 15:28:34', '2012-12-26 15:28:34', '2012-12-26 15:28:34', 1200.00, 0.00, 0, 0, 0, 0),
(68, '0000000061', 'YUX', '833f9289bb5f214dbde9b23fa133942d', 'user', 0, 'Маргарита', NULL, '1967-06-11', 42, 'Asia/Omsk', 1444, 1, '', '2012-12-26 15:25:58', '2012-12-26 15:25:57', '2012-12-26 15:25:58', 1200.00, 0.00, 0, 0, 0, 0),
(62, '0000000055', 'VOb', 'ef739cbdd5c641b12b893d93223100f3', 'user', 0, 'Дарина', NULL, '1989-09-21', 42, 'Asia/Omsk', 1444, 1, '', '2012-12-26 15:08:25', '2012-12-26 15:08:25', '2012-12-26 15:08:25', 1200.00, 0.00, 0, 0, 0, 0),
(67, '0000000060', 'HDV', 'dfbc688a5e1837a55c4d8aba9a0aef60', 'user', 0, 'Лариса', NULL, '1975-12-06', 42, 'Asia/Omsk', 1444, 1, '', '2012-12-26 15:19:03', '2012-12-26 15:19:03', '2012-12-26 15:19:03', 1200.00, 0.00, 0, 0, 0, 0),
(69, '0000000062', 'qbJ', 'f501e0f9891f9634bccfe1fbf2c3cf8b', 'user', 0, 'Надежда', NULL, '1985-08-08', 42, 'Asia/Omsk', 1444, 1, '', '2012-12-26 15:27:28', '2012-12-26 15:27:28', '2012-12-26 15:27:28', 1200.00, 0.00, 0, 0, 0, 0),
(71, '0000000064', 'lKd', '6869aa58b0c17e9aee95c6d6d9716faa', 'user', 0, 'Полина', NULL, '1967-10-06', 42, 'Asia/Omsk', 1444, 1, '', '2012-12-26 15:29:38', '2012-12-26 15:29:38', '2012-12-26 15:29:38', 1200.00, 0.00, 0, 0, 0, 0),
(72, '0000000065', 'JuU', '7136f58bddd8232fb8d16fb664dee1f9', 'user', 0, 'Раиса', NULL, '1975-06-25', 42, 'Asia/Omsk', 1444, 1, '', '2012-12-26 15:30:45', '2012-12-26 15:30:45', '2012-12-26 15:30:45', 1200.00, 0.00, 0, 0, 0, 0),
(73, '0000000066', 'GBF', 'bf1652e74f0bbc651e4b372f204b6926', 'user', 0, 'Светлана', NULL, '1986-06-05', 42, 'Asia/Omsk', 1444, 1, '', '2012-12-26 15:31:46', '2012-12-26 15:31:46', '2012-12-26 15:31:46', 1200.00, 0.00, 0, 0, 0, 0),
(75, '0000000068', 'iut', 'a8375d257f3a1e50ceb78d9ce687e383', 'user', 0, 'Ульяна', 40, '1990-01-01', 42, 'Asia/Omsk', 1444, 1, '', '2012-12-26 15:34:09', '2012-12-26 15:34:09', '2012-12-26 15:34:09', 1200.00, 0.00, 0, 0, 0, 0),
(76, '0000000069', 'YYp', 'd9a05159f390a73341f1da2ac893f95f', 'user', 0, 'Фаина', NULL, '1990-01-01', 42, 'Asia/Omsk', 1444, 1, '', '2012-12-26 15:43:03', '2012-12-26 15:37:12', '2012-12-26 15:37:12', 1200.00, 0.00, 0, 0, 0, 0),
(74, '0000000067', 'Eae', '2a5b23057213db3b77c17e9c7e9ec398', 'user', 0, 'Таисия', NULL, '1965-06-05', 42, 'Asia/Omsk', 1444, 1, '', '2012-12-26 15:32:55', '2012-12-26 15:32:55', '2012-12-26 15:32:55', 1200.00, 0.00, 0, 0, 0, 0),
(77, '0000000666', 'rok', 'c210eb2547282635f0d415083357e57a', 'user', 0, 'Азамат', 49, '1981-07-05', 42, 'Asia/Omsk', 1444, 0, '', '2012-12-26 15:54:15', '2012-12-26 15:38:49', '2012-12-26 15:38:49', 1200.00, 0.00, 0, 0, 1, 0),
(78, '0000000070', 'Qrj', 'b5f4c9a836d9af4b9e52b47a9c169756', 'user', 4, 'Хильда', NULL, '1959-07-11', 42, 'Asia/Omsk', 1444, 1, '', '2012-12-26 15:43:32', '2012-12-26 15:43:32', '2012-12-26 15:43:32', 1200.00, 0.00, 0, 0, 0, 0),
(80, '9081082915', 'rBQ', '33b54d4b4e33cc4ff6bb4eaa7100feae', 'user', 0, 'Евгений', 50, '1992-11-10', 42, 'Asia/Omsk', 1444, 0, 'eeynklass@iaglobus.ru', '2012-12-26 15:46:00', '2012-12-26 15:45:59', '2012-12-26 15:45:59', 1200.00, 0.00, 0, 0, 0, 0),
(82, '9136784668', 'tVE', '972a9b0b3fd8f3e1693a799ab0f0605e', 'user', 0, 'Угрюмов Александр Петрович', NULL, '1986-11-10', 42, 'Asia/Omsk', 1444, 0, 'dbaklaev@iaglobus.ru', '2012-12-26 16:00:00', '2012-12-26 16:00:00', '2012-12-26 16:00:00', 1200.00, 0.00, 0, 0, 0, 0),
(84, '0000000072', 'brC', 'c0a571ae3733a8d15073d1435084c10e', 'user', 0, 'Азиза', 53, '1977-04-17', 1, 'Europe/Moscow', 1, 1, '', '2012-12-26 16:44:45', '2012-12-26 16:44:44', '2012-12-26 16:44:45', 1200.00, 0.00, 0, 0, 0, 0),
(79, '9139648094', 'gIW', '4eb2bd2cab6da09fc6f81957e2388a42', 'user', 0, 'Макс', 47, '1990-05-24', 42, 'Asia/Omsk', 1444, 0, '', '2012-12-26 15:45:47', '2012-12-26 15:45:47', '2012-12-26 15:45:47', 1200.00, 0.00, 0, 0, 0, 0),
(83, '0000000071', 'IHc', 'b58d6345abdf63865098210d86ce4fcb', 'user', 0, 'Агния', 52, '1950-04-06', 1, 'Europe/Moscow', 1, 1, '', '2012-12-26 16:43:16', '2012-12-26 16:43:16', '2012-12-26 16:43:16', 1200.00, 0.00, 0, 0, 0, 0),
(81, '0000000170', 'zOr', 'd0b8714e4c23e55b96588a8adf70da3b', 'user', 0, 'Хильда', NULL, '1990-01-01', 42, 'Asia/Omsk', 1444, 1, '', '2012-12-26 15:52:11', '2012-12-26 15:52:11', '2012-12-26 15:52:11', 1200.00, 0.00, 0, 0, 0, 0),
(94, '0000000082', 'gSg', '6817b8a9a733aa334731d37a8ce7629d', 'user', 0, 'Вероника', NULL, '1988-11-09', 1, 'Europe/Moscow', 1, 1, '', '2012-12-26 16:58:48', '2012-12-26 16:58:48', '2012-12-26 16:58:48', 1200.00, 0.00, 0, 0, 0, 0),
(88, '0000000076', 'ZJR', '2010175827262bdb1d186696e653f04e', 'user', 0, 'Глория', NULL, '1977-05-06', 1, 'Europe/Moscow', 1, 1, '', '2012-12-26 16:50:28', '2012-12-26 16:50:28', '2012-12-26 16:50:28', 1200.00, 0.00, 0, 0, 0, 0),
(85, '0000000073', 'PVt', 'c4487272f31bdfa1c655d0b66d47cbf8', 'user', 0, 'Альберта', 54, '1987-06-09', 1, 'Europe/Moscow', 1, 1, '', '2012-12-26 16:46:30', '2012-12-26 16:46:29', '2012-12-26 16:46:29', 1200.00, 0.00, 0, 0, 0, 0),
(86, '0000000074', 'ClV', 'aadf7f881350cf59d060b460eef1d78d', 'user', 0, 'Ангелина', NULL, '1982-08-25', 1, 'Europe/Moscow', 1, 1, '', '2012-12-26 16:48:00', '2012-12-26 16:48:00', '2012-12-26 16:48:00', 1200.00, 0.00, 0, 0, 0, 0),
(87, '0000000075', 'Rlq', '62987980cabd62e0d3ffc2586da35abd', 'user', 0, 'Василиса', NULL, '1979-06-05', 1, 'Europe/Moscow', 1, 1, '', '2012-12-26 16:49:13', '2012-12-26 16:49:13', '2012-12-26 16:49:13', 1200.00, 0.00, 0, 0, 0, 0),
(93, '0000000081', 'nqy', 'a3c46642aadb670a76b0c0deece37a17', 'user', 0, 'Дарина', NULL, '1974-06-06', 1, 'Europe/Moscow', 1, 1, '', '2012-12-26 16:57:31', '2012-12-26 16:57:31', '2012-12-26 16:57:31', 1200.00, 0.00, 0, 0, 0, 0),
(92, '0000000080', 'whn', '653d61f43a6bef8e11f8e4ff6039fc8d', 'user', 0, 'Валерия', NULL, '1987-10-02', 1, 'Europe/Moscow', 1, 1, '', '2012-12-26 16:55:09', '2012-12-26 16:55:09', '2012-12-26 16:55:09', 1200.00, 0.00, 0, 0, 0, 0),
(91, '0000000079', 'GkN', '14baa43636322e1b8eaf0d299ae5985c', 'user', 0, 'Илона', NULL, '1989-07-07', 1, 'Europe/Moscow', 1, 1, '', '2012-12-26 16:53:57', '2012-12-26 16:53:57', '2012-12-26 16:53:57', 1200.00, 0.00, 0, 0, 0, 0),
(90, '0000000078', 'SMC', 'c2025688e4756b5bf6dbe5060b661275', 'user', 0, 'Зара', NULL, '1971-04-13', 1, 'Europe/Moscow', 1, 1, '', '2012-12-26 16:52:50', '2012-12-26 16:52:50', '2012-12-26 16:52:50', 1200.00, 0.00, 0, 0, 0, 0),
(101, '0000000089', 'xqC', 'c9b256171f01bb4d992c1bae03ac36a4', 'user', 0, 'Памела', NULL, '1990-01-01', 1, 'Europe/Moscow', 1, 1, '', '2012-12-26 17:07:40', '2012-12-26 17:07:40', '2012-12-26 17:07:40', 1200.00, 0.00, 0, 0, 0, 0),
(89, '0000000077', 'eub', 'f19d6786d375a0ef89fea568ae42b41e', 'user', 0, 'Дана', NULL, '1984-08-25', 1, 'Europe/Moscow', 1, 1, '', '2012-12-26 16:51:39', '2012-12-26 16:51:38', '2012-12-26 16:51:38', 1200.00, 0.00, 0, 0, 0, 0),
(99, '0000000087', 'QRg', '83b02b2b1123cf8905b49233448f677c', 'user', 0, 'Фёкла', NULL, '1987-06-04', 1, 'Europe/Moscow', 1, 1, '', '2012-12-26 17:04:48', '2012-12-26 17:04:48', '2012-12-26 17:04:48', 1200.00, 0.00, 0, 0, 0, 0),
(95, '0000000083', 'CQa', 'b34378bc10022c89bd5135b26752bc52', 'user', 0, 'Злата', NULL, '1975-12-09', 1, 'Europe/Moscow', 1, 1, '', '2012-12-26 17:00:00', '2012-12-26 17:00:00', '2012-12-26 17:00:00', 1200.00, 0.00, 0, 0, 0, 0),
(100, '0000000088', 'NeZ', '7f919ce4edbfa976cfc740555d9793c3', 'user', 0, 'Роза', 55, '1990-01-01', 1, 'Europe/Moscow', 1, 1, '', '2012-12-26 17:06:00', '2012-12-26 17:06:00', '2012-12-26 17:06:00', 1200.00, 0.00, 0, 0, 0, 0),
(98, '0000000086', 'rxj', '571552f7a89f6f0cf58d8c405091132b', 'user', 0, 'Сара', NULL, '1972-05-17', 1, 'Europe/Moscow', 1, 1, '', '2012-12-26 17:03:38', '2012-12-26 17:03:38', '2012-12-26 17:03:38', 1200.00, 0.00, 0, 0, 0, 0),
(97, '0000000085', 'zuM', '32bd9a97b0e0e672c3c45c6ee329c725', 'user', 0, 'Патриция', NULL, '1975-04-07', 1, 'Europe/Moscow', 1, 1, '', '2012-12-26 17:02:32', '2012-12-26 17:02:32', '2012-12-26 17:02:32', 1200.00, 0.00, 0, 0, 0, 0),
(104, '0000000092', 'FMM', 'd2f7dd6511079ede80873c7362f0417d', 'user', 0, 'Эмма', NULL, '1969-07-06', 30, 'Europe/Volgograd', 1016, 1, '', '2012-12-26 17:11:06', '2012-12-26 17:11:06', '2012-12-26 17:11:06', 1200.00, 0.00, 0, 0, 0, 0),
(102, '0000000090', 'hfC', '0112d13a64570a47e8bf3a6b52dca916', 'user', 0, 'Римма', NULL, '1990-01-01', 1, 'Europe/Moscow', 1, 1, '', '2012-12-26 17:08:43', '2012-12-26 17:08:43', '2012-12-26 17:08:43', 1200.00, 0.00, 0, 0, 0, 0),
(105, '0000000093', 'aJg', 'aa0f03dad6396ec1dc85855d72d12f98', 'user', 0, 'Эдита', NULL, '1985-06-09', 41, 'Asia/Novosibirsk', 1414, 1, '', '2012-12-26 17:12:05', '2012-12-26 17:12:05', '2012-12-26 17:12:05', 1200.00, 0.00, 0, 0, 0, 0),
(103, '0000000091', 'mUN', 'e08eb81db7acef02ac42489b0e0c5d95', 'user', 0, 'Снежана', 56, '1958-08-11', 51, 'Europe/Samara', 1781, 1, '', '2012-12-26 17:09:43', '2012-12-26 17:09:43', '2012-12-26 17:09:43', 1200.00, 0.00, 0, 0, 0, 0),
(108, '0000000096', 'Pkw', 'f280c176c0009e3874355ace7b41e4c7', 'user', 0, 'Лилия', NULL, '1985-03-11', 24, 'Asia/Kamchatka', 849, 1, '', '2012-12-26 17:15:03', '2012-12-26 17:15:03', '2012-12-26 17:15:03', 1200.00, 0.00, 0, 0, 0, 0),
(112, '0000000100', 'fAj', '3006d5e13620c49d9b2f3f562d7c8dd5', 'user', 0, 'Кристина', NULL, '1990-01-01', 32, 'Asia/Yekaterinburg', 1149, 1, '', '2012-12-26 17:19:45', '2012-12-26 17:19:45', '2012-12-26 17:19:45', 1200.00, 0.00, 0, 0, 0, 0),
(111, '0000000099', 'VSt', 'fb938e20a2a78c287fe0ebbbf1629341', 'user', 0, 'Ксения', NULL, '1990-01-01', 25, 'Europe/Moscow', 774, 1, '', '2012-12-26 17:18:37', '2012-12-26 17:18:37', '2012-12-26 17:18:37', 1200.00, 0.00, 0, 0, 0, 0),
(106, '0000000094', 'SPE', '43824673502586d26782a549825e0821', 'user', 0, 'Мария', NULL, '1974-03-04', 14, 'Europe/Moscow', 576, 1, '', '2012-12-26 17:13:02', '2012-12-26 17:13:02', '2012-12-26 17:13:02', 1200.00, 0.00, 0, 0, 0, 0),
(107, '0000000095', 'OjG', '1074f5969bb77a5da1fad4d40c38e3ad', 'user', 0, 'Матильда', NULL, '1962-02-09', 4, 'Asia/Novosibirsk', 229, 1, '', '2012-12-26 17:14:00', '2012-12-26 17:14:00', '2012-12-26 17:14:00', 1200.00, 0.00, 0, 0, 0, 0),
(16, '0000000010', 'ixf', '08985fedd92a84c7fdfbee956fad001b', 'user', 0, 'Иван', NULL, '1972-11-05', 42, 'Asia/Omsk', 1444, 0, '', '2012-12-26 13:20:50', '2012-12-26 13:20:49', '2012-12-26 13:20:49', 1200.00, 0.00, 0, 0, 0, 0),
(110, '0000000098', 'cnd', 'b16fc3e0e913d4b2dab949ae8d390002', 'user', 0, 'Ника', NULL, '1990-01-01', 20, 'Europe/Volgograd', 759, 1, '', '2012-12-26 17:17:44', '2012-12-26 17:17:44', '2012-12-26 17:17:44', 1200.00, 0.00, 0, 0, 0, 0),
(14, '0000000008', 'CuV', '647f61706c1dc4256a6e61772f80283d', 'user', 0, 'Александр', NULL, '1990-01-10', 42, 'Asia/Omsk', 1444, 0, '', '2012-12-26 13:17:49', '2012-12-26 13:17:49', '2012-12-26 13:17:49', 1200.00, 0.00, 0, 0, 0, 0),
(109, '0000000097', 'vUM', 'e20d44249b5d907d48550838e060aaba', 'user', 0, 'Нана', 57, '1990-01-01', 221, 'Asia/Omsk', 2283, 1, '', '2012-12-26 17:16:14', '2012-12-26 17:16:14', '2012-12-26 17:16:14', 1200.00, 0.00, 0, 0, 0, 0),
(15, '0000000009', 'acz', '51c3bb6001c8fbe47ceebe7e7f5485f0', 'user', 0, 'Пётр', NULL, '1982-08-11', 42, 'Asia/Omsk', 1444, 0, '', '2012-12-26 13:19:22', '2012-12-26 13:19:22', '2012-12-26 13:19:22', 1200.00, 0.00, 0, 0, 0, 0),
(5, '9999999999', 'FBW', 'ce8b35b0a0e0a59c15de14c22ac6cb5d', 'user', 0, 'l0rd', 45, '1989-08-20', 42, 'Asia/Omsk', 1444, 0, '', '2012-12-26 13:18:40', '2012-12-26 13:18:40', '2012-12-26 13:18:40', 1200.00, 0.00, 0, 0, 0, 0),
(13, '0000000007', 'rAk', '24672484020c7f9489455d8d4fa41ccf', 'user', 0, 'Иоганн', NULL, '1984-09-08', 42, 'Asia/Omsk', 1444, 0, '', '2012-12-26 13:16:28', '2012-12-26 13:16:28', '2012-12-26 13:16:28', 1200.00, 0.00, 0, 0, 0, 0),
(11, '0000000005', 'Vjc', '3c110b5ed58ac25a8305c3898909a3b8', 'user', 0, 'Валентин', NULL, '1974-05-06', 42, 'Asia/Omsk', 1444, 0, '', '2012-12-26 13:12:40', '2012-12-26 13:12:40', '2012-12-26 13:12:40', 1200.00, 0.00, 0, 0, 0, 0),
(12, '0000000006', 'LcK', 'cc2aa279ae7a8de8473902a3b5d6b0a3', 'user', 0, 'Иосиф', NULL, '1966-04-17', 42, 'Asia/Omsk', 1444, 0, '', '2012-12-26 13:15:01', '2012-12-26 13:15:01', '2012-12-26 13:15:01', 1200.00, 0.00, 0, 0, 0, 0),
(10, '0000000004', 'Pch', '1114f5e2a08de867f06fa6e973876c94', 'user', 0, 'Владимир', NULL, '1984-04-13', 42, 'Asia/Omsk', 1444, 0, '', '2012-12-26 13:10:28', '2012-12-26 13:10:28', '2012-12-26 13:10:28', 1200.00, 0.00, 0, 0, 0, 0),
(7, '9039278528', 'GxU', '9efa1f0fede3995ce47bfb45a6212ee1', 'user', 0, 'Игорь', 22, '1981-05-20', 42, 'Asia/Omsk', 1444, 0, 'promo_@bk.ru', '2012-12-26 16:19:00', '2012-12-26 12:44:42', '2012-12-26 12:44:42', 1200.00, 0.00, 0, 0, 0, 0),
(4, '1111111111', 'Vjh', '6a3b33cd1e5fbc3cd7e7f9da926d16c8', 'user', 0, 'Юля', 39, '1982-05-10', 42, 'Asia/Omsk', 1444, 1, 'jkazantseva@iaglobus.ru', '2012-12-26 15:14:27', '2012-12-26 11:29:26', '2012-12-26 11:29:26', 1200.00, 0.00, 0, 0, 0, 0),
(6, '0000000001', 'pKL', 'b7c47ef1e4944df194ea4e2d0bd983ce', 'user', 0, 'Андрей', 21, '1970-05-02', 42, 'Asia/Omsk', 1444, 0, '', '2012-12-26 12:44:14', '2012-12-26 12:44:14', '2012-12-26 12:44:14', 1200.00, 0.00, 0, 0, 0, 0),
(8, '0000000002', 'nMo', '356850f9407b6007d0b70ea4586c98c1', 'user', 0, 'Антон', 23, '1978-06-05', 42, 'Asia/Omsk', 1444, 0, '', '2012-12-26 13:04:54', '2012-12-26 13:04:54', '2012-12-26 13:04:54', 1200.00, 0.00, 0, 0, 0, 0),
(9, '0000000003', 'yJE', 'da9d4560fdac1d44ac415f2f38d38ba1', 'user', 0, 'Евгений', 24, '1979-04-07', 42, 'Asia/Omsk', 1444, 0, '', '2012-12-26 13:36:40', '2012-12-26 13:08:20', '2012-12-26 13:08:20', 1200.00, 0.00, 0, 0, 0, 0),
(118, '4444444444', 'HLk', 'bf554b6bca6b59e5d7eaf76aa265600c', 'user', 0, 'Васька', NULL, '1993-02-11', 42, 'Asia/Omsk', 1444, 0, '', '2013-03-06 18:43:48', '2013-03-06 18:43:48', '2013-03-06 18:43:48', 0.00, 0.00, 0, 0, 0, 0),
(117, '3333333333', 'opx', '367c60b2d255706a420a2e3d94aa39d3', 'user', 0, 'Петька', NULL, '1994-01-01', 42, 'Asia/Omsk', 1444, 0, '', '2013-03-06 18:42:07', '2013-03-06 18:42:07', '2013-03-06 18:42:07', 0.00, 0.00, 0, 0, 0, 0),
(96, '0000000084', 'hbf', '8bf52d3b3c9b025b28b2bb84b9678d2a', 'user', 0, 'Инесса', NULL, '1985-06-07', 1, 'Europe/Moscow', 1, 1, '', '2012-12-26 17:01:23', '2012-12-26 17:01:23', '2012-12-26 17:01:23', 1200.00, 0.00, 0, 0, 0, 0),
(3, '0000000000', 'PWs', '5915db02d77ad4cb75c67988670ca525', 'user', 0, 'Тестовый пользователь', 42, '1990-05-03', 42, 'Asia/Omsk', 1444, 0, '', '2013-03-06 13:31:32', '2013-02-18 02:53:46', '2012-12-26 11:01:21', 1200.00, 0.00, 0, 0, 0, 0);

--
-- Dumping data for table `_action`
--

INSERT INTO `_action` (`id`, `id_user`, `date`) VALUES
(1, 3, '2013-03-06 16:54:30'),
(2, 4, '2012-12-26 15:59:00'),
(3, 5, '2012-12-26 17:23:37'),
(4, 6, '2013-01-21 10:02:44'),
(5, 7, '2012-12-26 17:00:44'),
(6, 8, '2012-12-26 13:07:26'),
(7, 9, '2012-12-26 13:36:40'),
(8, 10, '2012-12-26 13:11:33'),
(9, 11, '2012-12-26 13:14:10'),
(10, 12, '2012-12-26 13:15:57'),
(11, 13, '2012-12-26 13:17:17'),
(12, 14, '2012-12-26 13:18:46'),
(13, 15, '2012-12-26 13:20:16'),
(14, 16, '2012-12-26 13:22:56'),
(15, 17, '2012-12-26 13:24:12'),
(16, 18, '2012-12-26 13:26:05'),
(17, 19, '2012-12-26 13:27:52'),
(18, 20, '2012-12-26 13:29:21'),
(19, 21, '2012-12-26 13:30:42'),
(20, 22, '2012-12-26 13:32:23'),
(21, 23, '2012-12-26 13:33:43'),
(22, 24, '2012-12-26 13:35:51'),
(23, 25, '2012-12-26 13:38:19'),
(24, 26, '2012-12-26 13:40:06'),
(25, 27, '2012-12-26 13:44:14'),
(26, 28, '2012-12-26 13:46:11'),
(27, 29, '2012-12-26 13:49:35'),
(28, 30, '2012-12-26 13:50:57'),
(29, 31, '2012-12-26 13:52:33'),
(30, 32, '2012-12-26 13:54:00'),
(31, 33, '2012-12-26 13:55:29'),
(32, 34, '2012-12-26 13:57:02'),
(33, 35, '2012-12-26 13:58:57'),
(34, 36, '2012-12-26 14:01:15'),
(35, 37, '2012-12-26 14:02:36'),
(36, 38, '2012-12-26 14:04:11'),
(37, 39, '2012-12-26 14:05:23'),
(38, 40, '2012-12-26 14:06:30'),
(39, 41, '2012-12-26 14:07:51'),
(40, 42, '2012-12-26 14:09:24'),
(41, 43, '2012-12-26 14:13:53'),
(42, 44, '2012-12-26 14:15:20'),
(43, 45, '2012-12-26 14:16:41'),
(44, 46, '2012-12-26 14:28:01'),
(45, 47, '2012-12-26 14:31:23'),
(46, 48, '2012-12-26 14:33:10'),
(47, 49, '2012-12-26 14:34:19'),
(48, 50, '2012-12-26 14:35:17'),
(49, 51, '2012-12-26 14:36:21'),
(50, 52, '2012-12-26 14:38:18'),
(51, 53, '2012-12-26 14:39:53'),
(52, 54, '2012-12-26 14:41:11'),
(53, 55, '2012-12-26 14:42:23'),
(54, 56, '2012-12-26 15:08:32'),
(55, 57, '2012-12-26 14:53:51'),
(56, 58, '2012-12-26 14:53:00'),
(57, 59, '2012-12-26 14:56:02'),
(58, 60, '2012-12-26 15:06:08'),
(59, 61, '2012-12-26 15:07:44'),
(60, 62, '2012-12-26 15:10:12'),
(61, 63, '2012-12-26 15:11:51'),
(62, 64, '2012-12-26 15:13:43'),
(63, 65, '2012-12-26 15:15:49'),
(64, 66, '2012-12-26 15:18:38'),
(65, 67, '2012-12-26 15:19:40'),
(66, 68, '2012-12-26 15:26:38'),
(67, 69, '2012-12-26 15:28:08'),
(68, 70, '2012-12-26 15:29:15'),
(69, 71, '2012-12-26 15:30:21'),
(70, 72, '2012-12-26 15:31:23'),
(71, 73, '2012-12-26 15:32:30'),
(72, 74, '2012-12-26 15:33:34'),
(73, 75, '2012-12-26 15:36:30'),
(74, 76, '2012-12-26 15:43:03'),
(75, 77, '2012-12-26 15:54:47'),
(76, 78, '2012-12-26 15:51:42'),
(77, 79, '2012-12-26 16:16:59'),
(78, 80, '2012-12-26 16:15:34'),
(79, 81, '2012-12-26 15:53:27'),
(80, 82, '2012-12-26 16:03:32'),
(81, 83, '2012-12-26 16:44:14'),
(82, 84, '2012-12-26 16:46:01'),
(83, 85, '2012-12-26 16:47:32'),
(84, 86, '2012-12-26 16:48:42'),
(85, 87, '2012-12-26 16:49:53'),
(86, 88, '2012-12-26 16:51:12'),
(87, 89, '2012-12-26 16:52:28'),
(88, 90, '2012-12-26 16:53:32'),
(89, 91, '2012-12-26 16:54:42'),
(90, 92, '2012-12-26 16:56:09'),
(91, 93, '2012-12-26 16:58:15'),
(92, 94, '2012-12-26 16:59:28'),
(93, 95, '2012-12-26 17:00:55'),
(94, 96, '2012-12-26 17:02:06'),
(95, 97, '2012-12-26 17:03:18'),
(96, 98, '2012-12-26 17:04:17'),
(97, 99, '2012-12-26 17:05:33'),
(98, 100, '2012-12-26 17:06:54'),
(99, 101, '2012-12-26 17:08:15'),
(100, 102, '2012-12-26 17:09:22'),
(101, 103, '2012-12-26 17:10:41'),
(102, 104, '2012-12-26 17:11:45'),
(103, 105, '2012-12-26 17:12:42'),
(104, 106, '2012-12-26 17:13:39'),
(105, 107, '2012-12-26 17:14:41'),
(106, 108, '2012-12-26 17:15:50'),
(107, 109, '2012-12-26 17:17:20'),
(108, 110, '2012-12-26 17:18:18'),
(109, 111, '2012-12-26 17:19:12'),
(110, 112, '2012-12-26 17:20:28'),
(111, 117, '2013-03-06 18:42:07'),
(112, 118, '2013-03-06 18:43:48');

INSERT INTO `message` (`id`, `id_sender`, `id_reciever`, `id_related`, `text`, `date`, `status`, `type`, `paid`) VALUES
(1, 7, 6, 1, 'Андрей, я предлагаю тебе прогулку по городу.', '2012-12-26 13:04:30', 0, 0, 0),
(2, 7, 3, 2, 'Тестовый пользователь, я предлагаю тебе покаться на машине или мотоцикле.', '2012-12-26 13:05:26', 1, 0, 0),
(3, 7, 5, 3, 'l0rd, я предлагаю тебе переписку на сайте.', '2012-12-26 13:05:38', 1, 0, 0),
(4, 5, 7, 3, 'Игорь, я предлагаю тебе переписку на сайте.', '2012-12-26 13:06:33', 1, 0, 0),
(5, 7, 5, 3, 'l0rd, я предлагаю тебе сходить в гости.', '2012-12-26 13:11:20', 1, 0, 0),
(6, 7, 9, 4, 'Евгений, я предлагаю тебе сходить в гости.', '2012-12-26 13:12:04', 0, 0, 0),
(7, 7, 8, 5, 'Антон, я предлагаю тебе сходить в баню.', '2012-12-26 13:12:24', 0, 0, 0),
(8, 5, 7, 3, 'kjbin', '2012-12-26 13:13:25', 1, 0, 0),
(9, 5, 9, 6, 'Евгений, я предлагаю тебе телефонный звонок или смс.', '2012-12-26 13:13:41', 0, 0, 0),
(10, 7, 5, 3, 'Что за Хня! ПОшли в гости! Хотя я выбрал значок Баня', '2012-12-26 13:14:13', 1, 0, 0),
(11, 5, 7, 3, 'ненаю', '2012-12-26 13:19:55', 1, 0, 0),
(12, 5, 8, 7, 'Антон, я предлагаю тебе посмотреть кино.', '2012-12-26 13:27:02', -1, 0, 0),
(13, 7, 29, 8, 'Бронислав, я предлагаю тебе переписку на сайте.', '2012-12-26 13:48:44', 0, 0, 0),
(14, 7, 23, 9, 'Давид, я предлагаю тебе прогулку по городу.', '2012-12-26 13:48:59', 0, 0, 0),
(15, 4, 24, 10, 'Даниил, я предлагаю тебе переписку на сайте.', '2012-12-26 15:19:29', -1, 0, 0),
(16, 4, 59, 11, 'Беатриса, я предлагаю тебе экстремальное приключение.', '2012-12-26 15:22:54', 0, 0, 0),
(17, 4, 57, 12, 'Аврора, я предлагаю тебе выпить кофе или чаю.', '2012-12-26 15:23:04', 0, 0, 0),
(18, 4, 5, 13, 'l0rd, я предлагаю тебе поиграть в боулинг или бильярд.', '2012-12-26 15:24:25', 1, 0, 0),
(19, 4, 9, 14, 'Евгений, я предлагаю тебе покаться на машине или мотоцикле.', '2012-12-26 15:25:04', 0, 0, 0),
(20, 68, 4, 15, 'Юля, я предлагаю тебе совместное путешествие.', '2012-12-26 15:26:58', 1, 0, 0),
(21, 3, 7, 2, 'Игорь, я согласен. Мой номер телефона: +7 (000) 000 - 0000', '2012-12-26 15:42:33', 1, 0, 0),
(22, 3, 7, 2, 'тест\n', '2012-12-26 15:43:19', 1, 0, 0),
(23, 3, 7, 2, 'ыавыв', '2012-12-26 15:43:33', 1, 0, 0),
(24, 4, 58, 16, 'Аврора, я предлагаю тебе прогулку по городу.', '2012-12-26 15:44:57', 0, 0, 0),
(25, 4, 68, 15, 'Маргарита, я согласна. Мой номер телефона: +7 (111) 111 - 1111', '2012-12-26 15:45:13', 0, 0, 0),
(26, 4, 68, 15, 'Привет!', '2012-12-26 15:45:25', 0, 0, 0),
(27, 5, 4, 13, 'Юля, я предлагаю тебе выпить кофе или чаю.', '2012-12-26 15:45:54', 1, 0, 0),
(28, 4, 7, 17, 'Игорь, я предлагаю тебе сходить в бар или клуб.', '2012-12-26 15:45:58', -1, 0, 0),
(29, 4, 7, 18, 'Игорь, я предлагаю тебе сходить в баню или сауну.', '2012-12-26 15:46:33', 1, 0, 0),
(30, 4, 5, 13, 'Привет Дима)))))', '2012-12-26 15:47:42', 1, 0, 0),
(31, 4, 5, 13, 'Поему ты опять поставил коалу???', '2012-12-26 15:47:52', 1, 0, 0),
(32, 5, 4, 13, 'хм. ну могу изменить)))', '2012-12-26 15:48:31', 1, 0, 0),
(33, 4, 79, 19, 'Макс, я предлагаю тебе посмотреть кино.', '2012-12-26 15:49:59', 1, 0, 0),
(34, 5, 4, 13, 'поменял)', '2012-12-26 15:50:24', 1, 0, 0),
(35, 4, 5, 13, 'Блин)))) ', '2012-12-26 15:50:27', 1, 0, 0),
(36, 5, 4, 13, 'что?', '2012-12-26 15:51:27', 1, 0, 0),
(37, 79, 4, 19, 'Юля, я предлагаю тебе исполнение любого желания.', '2012-12-26 15:52:26', 1, 0, 0),
(38, 4, 79, 19, 'Макс, я согласна, напиши мне первым.', '2012-12-26 15:53:03', 1, 0, 0),
(39, 5, 79, 20, 'Макс, я предлагаю тебе поиграть в боулинг или бильярд.', '2012-12-26 15:53:03', 1, 0, 0),
(40, 79, 60, 21, 'Валентина, я предлагаю тебе сходить в баню или сауну.', '2012-12-26 15:53:30', 0, 0, 0),
(41, 79, 7, 22, 'Игорь, я предлагаю тебе сходить в бар или клуб.', '2012-12-26 15:54:20', 1, 0, 0),
(42, 79, 4, 19, 'А почему я напиши?? твое же желание!\n', '2012-12-26 15:54:58', 0, 0, 0),
(43, 79, 6, 23, 'Андрей, я предлагаю тебе посмотреть кино.', '2012-12-26 15:55:54', -1, 0, 0),
(44, 79, 58, 24, 'Аврора, я предлагаю тебе посмотреть кино.', '2012-12-26 15:56:07', 0, 0, 0),
(45, 4, 77, 25, 'Азамат, я предлагаю тебе совместное путешествие.', '2012-12-26 15:56:33', 0, 0, 0),
(46, 79, 5, 20, 'l0rd, я согласен. Мой номер телефона: +7 (913) 964 - 8094', '2012-12-26 15:56:48', 1, 0, 0),
(47, 5, 79, 20, ':-P', '2012-12-26 15:58:10', 1, 0, 0),
(48, 4, 80, 26, 'Евгений, я предлагаю тебе прогулку по городу.', '2012-12-26 15:58:33', 1, 0, 0),
(49, 80, 4, 26, 'Юля, я согласен. Мой номер телефона: +7 (908) 108 - 2915', '2012-12-26 16:00:13', 0, 0, 0),
(50, 79, 5, 20, 'Сема?', '2012-12-26 16:00:45', 1, 0, 0),
(51, 80, 79, 27, 'Макс, я предлагаю тебе поиграть в боулинг или бильярд.', '2012-12-26 16:01:37', 1, 0, 0),
(52, 7, 79, 22, 'Макс, я согласен. Мой номер телефона: +7 (903) 927 - 8528', '2012-12-26 16:03:29', 1, 0, 0),
(53, 7, 79, 22, 'Выпивка за твой счет! Шалунишка', '2012-12-26 16:03:47', 1, 0, 0),
(54, 7, 4, 18, 'Юля, я предлагаю тебе исполнение любого желания.', '2012-12-26 16:04:32', 0, 0, 0),
(55, 79, 7, 22, 'с зарплаты сходим)\n', '2012-12-26 16:14:09', 1, 0, 0),
(56, 80, 7, 28, 'Игорь, я предлагаю тебе экстремальное приключение.', '2012-12-26 16:14:36', 1, 0, 0),
(57, 79, 80, 27, 'Евгений, я согласен, напиши мне первым.', '2012-12-26 16:16:57', 0, 0, 0),
(58, 7, 80, 28, 'Клеавый аватар!', '2012-12-26 16:19:25', 0, 0, 0),
(59, 7, 79, 22, 'Не вопрос, Юлю брать будем?!', '2012-12-26 16:19:45', 0, 0, 0),
(60, 7, 3, 2, 'Ыавываыва!', '2012-12-26 16:20:38', 0, 0, 0),
(61, 6, 98, 29, 'Сара, я приглашаю тебя покататься на коньках или на роликах.', '2013-01-21 09:56:03', 0, 0, 0),
(62, 3, 6, 30, 'Андрей, я хочу пригласить тебя на экстремальное приключение.', '2013-01-21 10:01:22', 1, 0, 0),
(63, 6, 3, 30, 'Тестовый пользователь, я согласен. Мой номер телефона: +7 (000) 000 - 0001', '2013-01-21 10:03:03', 0, 0, 0);

/*!40101 SET CHARACTER_SET_CLIENT=@OLD_CHARACTER_SET_CLIENT */;
/*!40101 SET CHARACTER_SET_RESULTS=@OLD_CHARACTER_SET_RESULTS */;
/*!40101 SET COLLATION_CONNECTION=@OLD_COLLATION_CONNECTION */;
